2026-03-10 20:12:33 [INFO] ============================================================
2026-03-10 20:12:33 [INFO] 🤖 OCI A1.Flex Instance Creator Bot
2026-03-10 20:12:33 [INFO] ============================================================
2026-03-10 20:12:33 [INFO] Shape:    VM.Standard.A1.Flex
2026-03-10 20:12:33 [INFO] OCPUs:    4
2026-03-10 20:12:33 [INFO] RAM:      24 GB
2026-03-10 20:12:33 [INFO] Região:   sa-saopaulo-1
2026-03-10 20:12:33 [INFO] AD:       yCcl:SA-SAOPAULO-1-AD-1
2026-03-10 20:12:33 [INFO] Nome:     gorvax-server
2026-03-10 20:12:33 [INFO] Intervalo entre tentativas: 60s
2026-03-10 20:12:33 [INFO] Máximo de tentativas: ∞ (infinito)
2026-03-10 20:12:33 [INFO] ============================================================
2026-03-10 20:12:33 [INFO] 🔑 Testando autenticação...
2026-03-10 20:12:34 [INFO] ✅ Autenticação OK!
2026-03-10 20:12:34 [INFO] 
2026-03-10 20:12:34 [INFO] 🚀 Iniciando tentativas de criação da instância...
2026-03-10 20:12:34 [INFO] 
2026-03-10 20:12:34 [INFO] 📡 Tentativa #1 (rodando há 0h00m00s)...
2026-03-10 20:12:34 [WARNING] ⚠️  Rate limit atingido! Esperando 120s...
2026-03-10 20:13:34 [INFO]    ❌ Sem capacidade (TooManyRequests: 429). Aguardando 60s...
2026-03-10 20:14:34 [INFO] 📡 Tentativa #2 (rodando há 0h02m00s)...
2026-03-10 20:14:35 [INFO]    ❌ Sem capacidade (InternalError: 500). Aguardando 60s...
2026-03-10 20:15:35 [INFO] 📡 Tentativa #3 (rodando há 0h03m01s)...
2026-03-10 20:15:36 [INFO]    ❌ Sem capacidade (InternalError: 500). Aguardando 60s...
2026-03-10 20:16:36 [INFO] 📡 Tentativa #4 (rodando há 0h04m02s)...
2026-03-10 20:16:37 [INFO]    ❌ Sem capacidade (InternalError: 500). Aguardando 60s...
2026-03-10 20:17:37 [INFO] 📡 Tentativa #5 (rodando há 0h05m03s)...
2026-03-10 20:17:39 [INFO]    ❌ Sem capacidade (InternalError: 500). Aguardando 60s...
2026-03-10 20:18:39 [INFO] 📡 Tentativa #6 (rodando há 0h06m04s)...
2026-03-10 20:18:40 [INFO]    ❌ Sem capacidade (InternalError: 500). Aguardando 60s...
2026-03-10 20:19:40 [INFO] 📡 Tentativa #7 (rodando há 0h07m06s)...
2026-03-10 20:19:41 [INFO]    ❌ Sem capacidade (InternalError: 500). Aguardando 60s...
2026-03-10 20:20:41 [INFO] 📡 Tentativa #8 (rodando há 0h08m07s)...
2026-03-10 20:20:42 [INFO]    ❌ Sem capacidade (InternalError: 500). Aguardando 60s...
2026-03-10 20:21:42 [INFO] 📡 Tentativa #9 (rodando há 0h09m08s)...
2026-03-10 20:21:43 [INFO]    ❌ Sem capacidade (InternalError: 500). Aguardando 60s...
2026-03-10 20:22:43 [INFO] 📡 Tentativa #10 (rodando há 0h10m09s)...
2026-03-10 20:22:44 [INFO]    ❌ Sem capacidade (InternalError: 500). Aguardando 60s...
2026-03-10 20:23:44 [INFO] 📡 Tentativa #11 (rodando há 0h11m10s)...
2026-03-10 20:23:46 [INFO]    ❌ Sem capacidade (InternalError: 500). Aguardando 60s...
2026-03-10 20:24:46 [INFO] 📡 Tentativa #12 (rodando há 0h12m12s)...
2026-03-10 20:24:47 [INFO]    ❌ Sem capacidade (InternalError: 500). Aguardando 60s...
2026-03-10 20:25:47 [INFO] 📡 Tentativa #13 (rodando há 0h13m13s)...
2026-03-10 20:25:48 [INFO]    ❌ Sem capacidade (InternalError: 500). Aguardando 60s...
2026-03-10 20:26:48 [INFO] 📡 Tentativa #14 (rodando há 0h14m14s)...
2026-03-10 20:26:49 [INFO]    ❌ Sem capacidade (InternalError: 500). Aguardando 60s...
2026-03-10 20:27:49 [INFO] ============================================================
2026-03-10 20:27:49 [INFO] [BOT] OCI A1.Flex Instance Creator Bot
2026-03-10 20:27:49 [INFO] ============================================================
2026-03-10 20:27:49 [INFO] Shape:    VM.Standard.A1.Flex
2026-03-10 20:27:49 [INFO] OCPUs:    4
2026-03-10 20:27:49 [INFO] RAM:      24 GB
2026-03-10 20:27:49 [INFO] Regiao:   sa-saopaulo-1
2026-03-10 20:27:49 [INFO] AD:       yCcl:SA-SAOPAULO-1-AD-1
2026-03-10 20:27:49 [INFO] Nome:     gorvax-server
2026-03-10 20:27:49 [INFO] Intervalo entre tentativas: 60s
2026-03-10 20:27:49 [INFO] Maximo de tentativas: INFINITO
2026-03-10 20:27:49 [INFO] ============================================================
2026-03-10 20:27:49 [INFO] 📡 Tentativa #15 (rodando há 0h15m15s)...
2026-03-10 20:27:49 [INFO] [AUTH] Testando autenticacao...
2026-03-10 20:27:50 [INFO] [OK] Autenticacao OK!
2026-03-10 20:27:50 [INFO] 
2026-03-10 20:27:50 [INFO] [START] Iniciando tentativas de criacao da instancia...
2026-03-10 20:27:50 [INFO] 
2026-03-10 20:27:50 [INFO] [TRY] Tentativa #1 (rodando ha 0h00m00s)...
2026-03-10 20:27:51 [INFO]    [FAIL] Sem capacidade (InternalError: 500). Aguardando 60s...
2026-03-10 20:27:51 [INFO]    ❌ Sem capacidade (InternalError: 500). Aguardando 60s...
2026-03-10 20:28:51 [INFO] [TRY] Tentativa #2 (rodando ha 0h01m00s)...
2026-03-10 20:28:51 [INFO] 📡 Tentativa #16 (rodando há 0h16m16s)...
2026-03-10 20:28:52 [INFO]    [FAIL] Sem capacidade (InternalError: 500). Aguardando 60s...
2026-03-10 20:28:52 [INFO]    ❌ Sem capacidade (InternalError: 500). Aguardando 60s...
2026-03-10 20:29:52 [INFO] [TRY] Tentativa #3 (rodando ha 0h02m01s)...
2026-03-10 20:29:52 [INFO] 📡 Tentativa #17 (rodando há 0h17m18s)...
2026-03-10 20:29:53 [INFO]    [FAIL] Sem capacidade (InternalError: 500). Aguardando 60s...
2026-03-10 20:29:53 [INFO]    ❌ Sem capacidade (InternalError: 500). Aguardando 60s...
2026-03-10 20:30:53 [INFO] [TRY] Tentativa #4 (rodando ha 0h03m03s)...
2026-03-10 20:30:53 [INFO] 📡 Tentativa #18 (rodando há 0h18m19s)...
2026-03-10 20:30:54 [INFO]    [FAIL] Sem capacidade (InternalError: 500). Aguardando 60s...
2026-03-10 20:30:54 [INFO]    ❌ Sem capacidade (InternalError: 500). Aguardando 60s...
2026-03-10 20:31:54 [INFO] [TRY] Tentativa #5 (rodando ha 0h04m04s)...
2026-03-10 20:31:54 [INFO] 📡 Tentativa #19 (rodando há 0h19m20s)...
2026-03-10 20:31:56 [INFO]    ❌ Sem capacidade (InternalError: 500). Aguardando 60s...
2026-03-10 20:31:56 [INFO]    [FAIL] Sem capacidade (InternalError: 500). Aguardando 60s...
2026-03-10 20:32:56 [INFO] 📡 Tentativa #20 (rodando há 0h20m21s)...
2026-03-10 20:32:56 [INFO] [TRY] Tentativa #6 (rodando ha 0h05m05s)...
2026-03-10 20:32:56 [WARNING] ⚠️  Rate limit atingido! Esperando 120s...
2026-03-10 20:32:57 [INFO]    [FAIL] Sem capacidade (InternalError: 500). Aguardando 60s...
2026-03-10 20:33:56 [INFO]    ❌ Sem capacidade (TooManyRequests: 429). Aguardando 60s...
2026-03-10 20:33:57 [INFO] [TRY] Tentativa #7 (rodando ha 0h06m07s)...
2026-03-10 20:33:58 [INFO]    [FAIL] Sem capacidade (InternalError: 500). Aguardando 60s...
2026-03-10 20:34:56 [INFO] 📡 Tentativa #21 (rodando há 0h22m22s)...
2026-03-10 20:34:57 [INFO]    ❌ Sem capacidade (InternalError: 500). Aguardando 60s...
2026-03-10 20:34:58 [INFO] [TRY] Tentativa #8 (rodando ha 0h07m08s)...
2026-03-10 20:34:59 [INFO]    [FAIL] Sem capacidade (InternalError: 500). Aguardando 60s...
2026-03-10 20:35:57 [INFO] 📡 Tentativa #22 (rodando há 0h23m23s)...
2026-03-10 20:35:59 [INFO]    ❌ Sem capacidade (InternalError: 500). Aguardando 60s...
2026-03-10 20:35:59 [INFO] [TRY] Tentativa #9 (rodando ha 0h08m09s)...
2026-03-10 20:36:01 [INFO]    [FAIL] Sem capacidade (InternalError: 500). Aguardando 60s...
2026-03-10 20:36:59 [INFO] 📡 Tentativa #23 (rodando há 0h24m24s)...
2026-03-10 20:37:00 [INFO]    ❌ Sem capacidade (InternalError: 500). Aguardando 60s...
2026-03-10 20:37:01 [INFO] [TRY] Tentativa #10 (rodando ha 0h09m10s)...
2026-03-10 20:37:02 [INFO]    [FAIL] Sem capacidade (InternalError: 500). Aguardando 60s...
2026-03-10 20:38:00 [INFO] 📡 Tentativa #24 (rodando há 0h25m26s)...
2026-03-10 20:38:01 [INFO]    ❌ Sem capacidade (InternalError: 500). Aguardando 60s...
2026-03-10 20:38:02 [INFO] [TRY] Tentativa #11 (rodando ha 0h10m11s)...
2026-03-10 20:38:03 [INFO]    [FAIL] Sem capacidade (InternalError: 500). Aguardando 60s...
2026-03-10 20:39:01 [INFO] 📡 Tentativa #25 (rodando há 0h26m27s)...
2026-03-10 20:39:02 [INFO]    ❌ Sem capacidade (InternalError: 500). Aguardando 60s...
2026-03-10 20:39:03 [INFO] [TRY] Tentativa #12 (rodando ha 0h11m12s)...
2026-03-10 20:39:04 [INFO]    [FAIL] Sem capacidade (InternalError: 500). Aguardando 60s...
2026-03-10 20:40:02 [INFO] 📡 Tentativa #26 (rodando há 0h27m28s)...
2026-03-10 20:40:03 [INFO]    ❌ Sem capacidade (InternalError: 500). Aguardando 60s...
2026-03-10 20:40:04 [INFO] [TRY] Tentativa #13 (rodando ha 0h12m14s)...
2026-03-10 20:40:05 [INFO]    [FAIL] Sem capacidade (InternalError: 500). Aguardando 60s...
2026-03-10 20:41:03 [INFO] 📡 Tentativa #27 (rodando há 0h28m29s)...
2026-03-10 20:41:05 [INFO]    ❌ Sem capacidade (InternalError: 500). Aguardando 60s...
2026-03-10 20:41:05 [INFO] [TRY] Tentativa #14 (rodando ha 0h13m15s)...
2026-03-10 20:41:07 [INFO]    [FAIL] Sem capacidade (InternalError: 500). Aguardando 60s...
2026-03-10 20:42:05 [INFO] 📡 Tentativa #28 (rodando há 0h29m30s)...
2026-03-10 20:42:06 [INFO]    ❌ Sem capacidade (InternalError: 500). Aguardando 60s...
2026-03-10 20:42:07 [INFO] [TRY] Tentativa #15 (rodando ha 0h14m16s)...
2026-03-10 20:42:08 [INFO]    [FAIL] Sem capacidade (InternalError: 500). Aguardando 60s...
2026-03-10 20:43:06 [INFO] 📡 Tentativa #29 (rodando há 0h30m31s)...
2026-03-10 20:43:07 [INFO]    ❌ Sem capacidade (InternalError: 500). Aguardando 60s...
2026-03-10 20:43:08 [INFO] [TRY] Tentativa #16 (rodando ha 0h15m17s)...
2026-03-10 20:43:09 [INFO]    [FAIL] Sem capacidade (InternalError: 500). Aguardando 60s...
2026-03-10 20:44:07 [INFO] 📡 Tentativa #30 (rodando há 0h31m33s)...
2026-03-10 20:44:08 [INFO]    ❌ Sem capacidade (InternalError: 500). Aguardando 60s...
2026-03-10 20:44:09 [INFO] [TRY] Tentativa #17 (rodando ha 0h16m19s)...
2026-03-10 20:44:10 [INFO]    [FAIL] Sem capacidade (InternalError: 500). Aguardando 60s...
2026-03-10 20:45:08 [INFO] 📡 Tentativa #31 (rodando há 0h32m34s)...
2026-03-10 20:45:09 [INFO]    ❌ Sem capacidade (InternalError: 500). Aguardando 60s...
2026-03-10 20:45:10 [INFO] [TRY] Tentativa #18 (rodando ha 0h17m20s)...
2026-03-10 20:45:11 [INFO]    [FAIL] Sem capacidade (InternalError: 500). Aguardando 60s...
2026-03-10 20:46:09 [INFO] 📡 Tentativa #32 (rodando há 0h33m35s)...
2026-03-10 20:46:10 [INFO]    ❌ Sem capacidade (InternalError: 500). Aguardando 60s...
2026-03-10 20:46:11 [INFO] [TRY] Tentativa #19 (rodando ha 0h18m21s)...
2026-03-10 20:46:12 [INFO]    [FAIL] Sem capacidade (InternalError: 500). Aguardando 60s...
2026-03-10 20:47:10 [INFO] 📡 Tentativa #33 (rodando há 0h34m36s)...
2026-03-10 20:47:11 [INFO]    ❌ Sem capacidade (InternalError: 500). Aguardando 60s...
2026-03-10 20:47:12 [INFO] [TRY] Tentativa #20 (rodando ha 0h19m22s)...
2026-03-10 20:47:14 [INFO]    [FAIL] Sem capacidade (InternalError: 500). Aguardando 60s...
2026-03-10 20:48:11 [INFO] 📡 Tentativa #34 (rodando há 0h35m37s)...
2026-03-10 20:48:13 [INFO]    ❌ Sem capacidade (InternalError: 500). Aguardando 60s...
2026-03-10 20:48:14 [INFO] [TRY] Tentativa #21 (rodando ha 0h20m23s)...
2026-03-10 20:48:14 [WARNING] [RATE-LIMIT] Rate limit atingido! Esperando 120s...
2026-03-10 20:49:13 [INFO] 📡 Tentativa #35 (rodando há 0h36m38s)...
2026-03-10 20:49:14 [INFO]    ❌ Sem capacidade (InternalError: 500). Aguardando 60s...
2026-03-10 20:49:14 [INFO]    [FAIL] Sem capacidade (TooManyRequests: 429). Aguardando 60s...
2026-03-10 20:50:14 [INFO] 📡 Tentativa #36 (rodando há 0h37m40s)...
2026-03-10 20:50:14 [INFO] [TRY] Tentativa #22 (rodando ha 0h22m24s)...
2026-03-10 20:50:14 [WARNING] [RATE-LIMIT] Rate limit atingido! Esperando 120s...
2026-03-10 20:50:15 [INFO]    ❌ Sem capacidade (InternalError: 500). Aguardando 60s...
2026-03-10 20:51:14 [INFO]    [FAIL] Sem capacidade (TooManyRequests: 429). Aguardando 60s...
2026-03-10 20:51:15 [INFO] 📡 Tentativa #37 (rodando há 0h38m41s)...
2026-03-10 20:51:16 [INFO]    ❌ Sem capacidade (InternalError: 500). Aguardando 60s...
2026-03-10 20:52:14 [INFO] [TRY] Tentativa #23 (rodando ha 0h24m24s)...
2026-03-10 20:52:15 [INFO]    [FAIL] Sem capacidade (InternalError: 500). Aguardando 60s...
2026-03-10 20:52:16 [INFO] 📡 Tentativa #38 (rodando há 0h39m42s)...
2026-03-10 20:52:17 [INFO]    ❌ Sem capacidade (InternalError: 500). Aguardando 60s...
2026-03-10 20:53:15 [INFO] [TRY] Tentativa #24 (rodando ha 0h25m25s)...
2026-03-10 20:53:17 [INFO]    [FAIL] Sem capacidade (InternalError: 500). Aguardando 60s...
2026-03-10 20:53:17 [INFO] 📡 Tentativa #39 (rodando há 0h40m43s)...
2026-03-10 20:53:19 [INFO]    ❌ Sem capacidade (InternalError: 500). Aguardando 60s...
2026-03-10 20:54:17 [INFO] [TRY] Tentativa #25 (rodando ha 0h26m26s)...
2026-03-10 20:54:18 [INFO]    [FAIL] Sem capacidade (InternalError: 500). Aguardando 60s...
2026-03-10 20:54:19 [INFO] 📡 Tentativa #40 (rodando há 0h41m45s)...
2026-03-10 20:54:20 [INFO]    ❌ Sem capacidade (InternalError: 500). Aguardando 60s...
2026-03-10 20:55:18 [INFO] [TRY] Tentativa #26 (rodando ha 0h27m28s)...
2026-03-10 20:55:19 [INFO]    [FAIL] Sem capacidade (InternalError: 500). Aguardando 60s...
2026-03-10 20:55:20 [INFO] 📡 Tentativa #41 (rodando há 0h42m46s)...
2026-03-10 20:55:21 [INFO]    ❌ Sem capacidade (InternalError: 500). Aguardando 60s...
2026-03-10 20:56:19 [INFO] [TRY] Tentativa #27 (rodando ha 0h28m29s)...
2026-03-10 20:56:20 [WARNING] [RATE-LIMIT] Rate limit atingido! Esperando 120s...
2026-03-10 20:56:21 [INFO] 📡 Tentativa #42 (rodando há 0h43m47s)...
2026-03-10 20:56:22 [INFO]    ❌ Sem capacidade (InternalError: 500). Aguardando 60s...
2026-03-10 20:57:20 [INFO]    [FAIL] Sem capacidade (TooManyRequests: 429). Aguardando 60s...
2026-03-10 20:57:22 [INFO] 📡 Tentativa #43 (rodando há 0h44m48s)...
2026-03-10 20:57:23 [INFO]    ❌ Sem capacidade (InternalError: 500). Aguardando 60s...
2026-03-10 20:58:20 [INFO] [TRY] Tentativa #28 (rodando ha 0h30m29s)...
2026-03-10 20:58:21 [INFO]    [FAIL] Sem capacidade (InternalError: 500). Aguardando 60s...
2026-03-10 20:58:23 [INFO] 📡 Tentativa #44 (rodando há 0h45m49s)...
2026-03-10 20:58:25 [INFO]    ❌ Sem capacidade (InternalError: 500). Aguardando 60s...
2026-03-10 20:59:21 [INFO] [TRY] Tentativa #29 (rodando ha 0h31m31s)...
2026-03-10 20:59:22 [INFO]    [FAIL] Sem capacidade (InternalError: 500). Aguardando 60s...
2026-03-10 20:59:25 [INFO] 📡 Tentativa #45 (rodando há 0h46m50s)...
2026-03-10 20:59:26 [INFO]    ❌ Sem capacidade (InternalError: 500). Aguardando 60s...
2026-03-10 21:00:22 [INFO] [TRY] Tentativa #30 (rodando ha 0h32m32s)...
2026-03-10 21:00:23 [INFO]    [FAIL] Sem capacidade (InternalError: 500). Aguardando 60s...
2026-03-10 21:00:26 [INFO] 📡 Tentativa #46 (rodando há 0h47m51s)...
2026-03-10 21:00:27 [INFO]    ❌ Sem capacidade (InternalError: 500). Aguardando 60s...
2026-03-10 21:01:23 [INFO] [TRY] Tentativa #31 (rodando ha 0h33m33s)...
2026-03-10 21:01:25 [INFO]    [FAIL] Sem capacidade (InternalError: 500). Aguardando 60s...
2026-03-10 21:01:27 [INFO] 📡 Tentativa #47 (rodando há 0h48m53s)...
2026-03-10 21:01:28 [INFO]    ❌ Sem capacidade (InternalError: 500). Aguardando 60s...
2026-03-10 21:02:25 [INFO] [TRY] Tentativa #32 (rodando ha 0h34m34s)...
2026-03-10 21:02:26 [INFO]    [FAIL] Sem capacidade (InternalError: 500). Aguardando 60s...
2026-03-10 21:02:28 [INFO] 📡 Tentativa #48 (rodando há 0h49m54s)...
2026-03-10 21:02:29 [INFO]    ❌ Sem capacidade (InternalError: 500). Aguardando 60s...
2026-03-10 21:03:26 [INFO] [TRY] Tentativa #33 (rodando ha 0h35m35s)...
2026-03-10 21:03:27 [INFO]    [FAIL] Sem capacidade (InternalError: 500). Aguardando 60s...
2026-03-10 21:03:29 [INFO] 📡 Tentativa #49 (rodando há 0h50m55s)...
2026-03-10 21:03:29 [WARNING] ⚠️  Rate limit atingido! Esperando 120s...
2026-03-10 21:04:27 [INFO] [TRY] Tentativa #34 (rodando ha 0h36m37s)...
2026-03-10 21:04:29 [INFO]    [FAIL] Sem capacidade (InternalError: 500). Aguardando 60s...
2026-03-10 21:04:29 [INFO]    ❌ Sem capacidade (TooManyRequests: 429). Aguardando 60s...
2026-03-10 21:05:29 [INFO] [TRY] Tentativa #35 (rodando ha 0h37m38s)...
2026-03-10 21:05:29 [INFO] 📡 Tentativa #50 (rodando há 0h52m55s)...
2026-03-10 21:05:30 [INFO]    [FAIL] Sem capacidade (InternalError: 500). Aguardando 60s...
2026-03-10 21:05:30 [INFO]    ❌ Sem capacidade (InternalError: 500). Aguardando 60s...
2026-03-10 21:06:30 [INFO] [TRY] Tentativa #36 (rodando ha 0h38m40s)...
2026-03-10 21:06:30 [INFO] 📡 Tentativa #51 (rodando há 0h53m56s)...
2026-03-10 21:06:31 [INFO]    [FAIL] Sem capacidade (InternalError: 500). Aguardando 60s...
2026-03-10 21:06:32 [INFO]    ❌ Sem capacidade (InternalError: 500). Aguardando 60s...
2026-03-10 21:07:31 [INFO] [TRY] Tentativa #37 (rodando ha 0h39m41s)...
2026-03-10 21:07:32 [INFO] 📡 Tentativa #52 (rodando há 0h54m58s)...
2026-03-10 21:07:32 [INFO]    [FAIL] Sem capacidade (InternalError: 500). Aguardando 60s...
2026-03-10 21:07:33 [INFO]    ❌ Sem capacidade (InternalError: 500). Aguardando 60s...
2026-03-10 21:08:32 [INFO] [TRY] Tentativa #38 (rodando ha 0h40m42s)...
2026-03-10 21:08:33 [INFO] 📡 Tentativa #53 (rodando há 0h55m59s)...
2026-03-10 21:08:34 [INFO]    [FAIL] Sem capacidade (InternalError: 500). Aguardando 60s...
2026-03-10 21:08:34 [INFO]    ❌ Sem capacidade (InternalError: 500). Aguardando 60s...
2026-03-10 21:09:34 [INFO] [TRY] Tentativa #39 (rodando ha 0h41m44s)...
2026-03-10 21:09:34 [INFO] 📡 Tentativa #54 (rodando há 0h57m00s)...
2026-03-10 21:09:35 [WARNING] ⚠️  Rate limit atingido! Esperando 120s...
2026-03-10 21:09:35 [INFO]    [FAIL] Sem capacidade (InternalError: 500). Aguardando 60s...
2026-03-10 21:10:35 [INFO]    ❌ Sem capacidade (TooManyRequests: 429). Aguardando 60s...
2026-03-10 21:10:35 [INFO] [TRY] Tentativa #40 (rodando ha 0h42m45s)...
2026-03-10 21:10:36 [INFO]    [FAIL] Sem capacidade (InternalError: 500). Aguardando 60s...
2026-03-10 21:11:35 [INFO] 📡 Tentativa #55 (rodando há 0h59m00s)...
2026-03-10 21:11:36 [INFO]    ❌ Sem capacidade (InternalError: 500). Aguardando 60s...
2026-03-10 21:11:36 [INFO] [TRY] Tentativa #41 (rodando ha 0h43m46s)...
2026-03-10 21:11:38 [INFO]    [FAIL] Sem capacidade (InternalError: 500). Aguardando 60s...
2026-03-10 21:12:36 [INFO] 📡 Tentativa #56 (rodando há 1h00m02s)...
2026-03-10 21:12:36 [WARNING] ⚠️  Rate limit atingido! Esperando 120s...
2026-03-10 21:12:38 [INFO] [TRY] Tentativa #42 (rodando ha 0h44m47s)...
2026-03-10 21:12:39 [INFO]    [FAIL] Sem capacidade (InternalError: 500). Aguardando 60s...
2026-03-10 21:13:36 [INFO]    ❌ Sem capacidade (TooManyRequests: 429). Aguardando 60s...
2026-03-10 21:13:39 [INFO] [TRY] Tentativa #43 (rodando ha 0h45m49s)...
2026-03-10 21:13:41 [INFO]    [FAIL] Sem capacidade (InternalError: 500). Aguardando 60s...
2026-03-10 21:14:36 [INFO] 📡 Tentativa #57 (rodando há 1h02m02s)...
2026-03-10 21:14:38 [INFO]    ❌ Sem capacidade (InternalError: 500). Aguardando 60s...
2026-03-10 21:14:41 [INFO] [TRY] Tentativa #44 (rodando ha 0h46m51s)...
2026-03-10 21:14:42 [INFO]    [FAIL] Sem capacidade (InternalError: 500). Aguardando 60s...
2026-03-10 21:15:38 [INFO] 📡 Tentativa #58 (rodando há 1h03m03s)...
2026-03-10 21:15:39 [INFO]    ❌ Sem capacidade (InternalError: 500). Aguardando 60s...
2026-03-10 21:15:42 [INFO] [TRY] Tentativa #45 (rodando ha 0h47m52s)...
2026-03-10 21:15:43 [INFO]    [FAIL] Sem capacidade (InternalError: 500). Aguardando 60s...
2026-03-10 21:16:39 [INFO] 📡 Tentativa #59 (rodando há 1h04m05s)...
2026-03-10 21:16:40 [INFO]    ❌ Sem capacidade (InternalError: 500). Aguardando 60s...
2026-03-10 21:16:43 [INFO] [TRY] Tentativa #46 (rodando ha 0h48m53s)...
2026-03-10 21:16:44 [INFO]    [FAIL] Sem capacidade (InternalError: 500). Aguardando 60s...
2026-03-10 21:17:40 [INFO] 📡 Tentativa #60 (rodando há 1h05m06s)...
2026-03-10 21:17:41 [INFO]    ❌ Sem capacidade (InternalError: 500). Aguardando 60s...
2026-03-10 21:17:44 [INFO] [TRY] Tentativa #47 (rodando ha 0h49m54s)...
2026-03-10 21:17:46 [INFO]    [FAIL] Sem capacidade (InternalError: 500). Aguardando 60s...
2026-03-10 21:18:41 [INFO] 📡 Tentativa #61 (rodando há 1h06m07s)...
2026-03-10 21:18:42 [INFO]    ❌ Sem capacidade (InternalError: 500). Aguardando 60s...
2026-03-10 21:18:46 [INFO] [TRY] Tentativa #48 (rodando ha 0h50m56s)...
2026-03-10 21:18:47 [INFO]    [FAIL] Sem capacidade (InternalError: 500). Aguardando 60s...
2026-03-10 21:19:42 [INFO] 📡 Tentativa #62 (rodando há 1h07m08s)...
2026-03-10 21:19:44 [INFO]    ❌ Sem capacidade (InternalError: 500). Aguardando 60s...
2026-03-10 21:19:47 [INFO] [TRY] Tentativa #49 (rodando ha 0h51m57s)...
2026-03-10 21:19:48 [INFO]    [FAIL] Sem capacidade (InternalError: 500). Aguardando 60s...
2026-03-10 21:20:44 [INFO] 📡 Tentativa #63 (rodando há 1h08m10s)...
2026-03-10 21:20:44 [WARNING] ⚠️  Rate limit atingido! Esperando 120s...
2026-03-10 21:20:48 [INFO] [TRY] Tentativa #50 (rodando ha 0h52m58s)...
2026-03-10 21:20:50 [INFO]    [FAIL] Sem capacidade (InternalError: 500). Aguardando 60s...
2026-03-10 21:21:44 [INFO]    ❌ Sem capacidade (TooManyRequests: 429). Aguardando 60s...
2026-03-10 21:21:50 [INFO] [TRY] Tentativa #51 (rodando ha 0h53m59s)...
2026-03-10 21:21:50 [WARNING] [RATE-LIMIT] Rate limit atingido! Esperando 120s...
2026-03-10 21:22:44 [INFO] 📡 Tentativa #64 (rodando há 1h10m10s)...
2026-03-10 21:22:45 [INFO]    ❌ Sem capacidade (InternalError: 500). Aguardando 60s...
2026-03-10 21:22:50 [INFO]    [FAIL] Sem capacidade (TooManyRequests: 429). Aguardando 60s...
2026-03-10 21:23:45 [INFO] 📡 Tentativa #65 (rodando há 1h11m11s)...
2026-03-10 21:23:47 [INFO]    ❌ Sem capacidade (InternalError: 500). Aguardando 60s...
2026-03-10 21:23:50 [INFO] [TRY] Tentativa #52 (rodando ha 0h56m00s)...
2026-03-10 21:23:51 [INFO]    [FAIL] Sem capacidade (InternalError: 500). Aguardando 60s...
2026-03-10 21:24:47 [INFO] 📡 Tentativa #66 (rodando há 1h12m13s)...
2026-03-10 21:24:48 [INFO]    ❌ Sem capacidade (InternalError: 500). Aguardando 60s...
2026-03-10 21:24:51 [INFO] [TRY] Tentativa #53 (rodando ha 0h57m01s)...
2026-03-10 21:24:52 [INFO]    [FAIL] Sem capacidade (InternalError: 500). Aguardando 60s...
2026-03-10 21:25:48 [INFO] 📡 Tentativa #67 (rodando há 1h13m14s)...
2026-03-10 21:25:49 [INFO]    ❌ Sem capacidade (InternalError: 500). Aguardando 60s...
2026-03-10 21:25:52 [INFO] [TRY] Tentativa #54 (rodando ha 0h58m02s)...
2026-03-10 21:25:54 [INFO]    [FAIL] Sem capacidade (InternalError: 500). Aguardando 60s...
2026-03-10 21:26:49 [INFO] 📡 Tentativa #68 (rodando há 1h14m15s)...
2026-03-10 21:26:50 [INFO]    ❌ Sem capacidade (InternalError: 500). Aguardando 60s...
2026-03-10 21:26:54 [INFO] [TRY] Tentativa #55 (rodando ha 0h59m03s)...
2026-03-10 21:26:55 [INFO]    [FAIL] Sem capacidade (InternalError: 500). Aguardando 60s...
2026-03-10 21:27:50 [INFO] 📡 Tentativa #69 (rodando há 1h15m16s)...
2026-03-10 21:27:51 [INFO]    ❌ Sem capacidade (InternalError: 500). Aguardando 60s...
2026-03-10 21:27:55 [INFO] [TRY] Tentativa #56 (rodando ha 1h00m05s)...
2026-03-10 21:27:56 [INFO]    [FAIL] Sem capacidade (InternalError: 500). Aguardando 60s...
2026-03-10 21:28:51 [INFO] 📡 Tentativa #70 (rodando há 1h16m17s)...
2026-03-10 21:28:53 [INFO]    ❌ Sem capacidade (InternalError: 500). Aguardando 60s...
2026-03-10 21:28:56 [INFO] [TRY] Tentativa #57 (rodando ha 1h01m06s)...
2026-03-10 21:28:57 [INFO]    [FAIL] Sem capacidade (InternalError: 500). Aguardando 60s...
2026-03-10 21:29:53 [INFO] 📡 Tentativa #71 (rodando há 1h17m18s)...
2026-03-10 21:29:53 [WARNING] ⚠️  Rate limit atingido! Esperando 120s...
2026-03-10 21:29:57 [INFO] [TRY] Tentativa #58 (rodando ha 1h02m07s)...
2026-03-10 21:29:58 [INFO]    [FAIL] Sem capacidade (InternalError: 500). Aguardando 60s...
2026-03-10 21:30:53 [INFO]    ❌ Sem capacidade (TooManyRequests: 429). Aguardando 60s...
2026-03-10 21:30:58 [INFO] [TRY] Tentativa #59 (rodando ha 1h03m08s)...
2026-03-10 21:30:59 [INFO]    [FAIL] Sem capacidade (InternalError: 500). Aguardando 60s...
2026-03-10 21:31:53 [INFO] 📡 Tentativa #72 (rodando há 1h19m19s)...
2026-03-10 21:31:54 [INFO]    ❌ Sem capacidade (InternalError: 500). Aguardando 60s...
2026-03-10 21:31:59 [INFO] [TRY] Tentativa #60 (rodando ha 1h04m09s)...
2026-03-10 21:32:01 [INFO]    [FAIL] Sem capacidade (InternalError: 500). Aguardando 60s...
2026-03-10 21:32:54 [INFO] 📡 Tentativa #73 (rodando há 1h20m20s)...
2026-03-10 21:32:55 [INFO]    ❌ Sem capacidade (InternalError: 500). Aguardando 60s...
2026-03-10 21:33:01 [INFO] [TRY] Tentativa #61 (rodando ha 1h05m10s)...
2026-03-10 21:33:02 [INFO]    [FAIL] Sem capacidade (InternalError: 500). Aguardando 60s...
2026-03-10 21:33:55 [INFO] 📡 Tentativa #74 (rodando há 1h21m21s)...
2026-03-10 21:33:55 [WARNING] ⚠️  Rate limit atingido! Esperando 120s...
2026-03-10 21:34:02 [INFO] [TRY] Tentativa #62 (rodando ha 1h06m12s)...
2026-03-10 21:34:03 [INFO]    [FAIL] Sem capacidade (InternalError: 500). Aguardando 60s...
2026-03-10 21:34:55 [INFO]    ❌ Sem capacidade (TooManyRequests: 429). Aguardando 60s...
2026-03-10 21:35:03 [INFO] [TRY] Tentativa #63 (rodando ha 1h07m13s)...
2026-03-10 21:35:04 [INFO]    [FAIL] Sem capacidade (InternalError: 500). Aguardando 60s...
2026-03-10 21:35:55 [INFO] 📡 Tentativa #75 (rodando há 1h23m21s)...
2026-03-10 21:35:56 [INFO]    ❌ Sem capacidade (InternalError: 500). Aguardando 60s...
2026-03-10 21:36:04 [INFO] [TRY] Tentativa #64 (rodando ha 1h08m14s)...
2026-03-10 21:36:06 [INFO]    [FAIL] Sem capacidade (InternalError: 500). Aguardando 60s...
2026-03-10 21:36:56 [INFO] 📡 Tentativa #76 (rodando há 1h24m22s)...
2026-03-10 21:36:58 [INFO]    ❌ Sem capacidade (InternalError: 500). Aguardando 60s...
2026-03-10 21:37:06 [INFO] [TRY] Tentativa #65 (rodando ha 1h09m15s)...
2026-03-10 21:37:06 [WARNING] [RATE-LIMIT] Rate limit atingido! Esperando 120s...
2026-03-10 21:37:58 [INFO] 📡 Tentativa #77 (rodando há 1h25m24s)...
2026-03-10 21:37:59 [INFO]    ❌ Sem capacidade (InternalError: 500). Aguardando 60s...
2026-03-10 21:38:06 [INFO]    [FAIL] Sem capacidade (TooManyRequests: 429). Aguardando 60s...
2026-03-10 21:38:59 [INFO] 📡 Tentativa #78 (rodando há 1h26m25s)...
2026-03-10 21:39:00 [INFO]    ❌ Sem capacidade (InternalError: 500). Aguardando 60s...
2026-03-10 21:39:06 [INFO] [TRY] Tentativa #66 (rodando ha 1h11m16s)...
2026-03-10 21:39:07 [INFO]    [FAIL] Sem capacidade (InternalError: 500). Aguardando 60s...
2026-03-10 21:40:00 [INFO] 📡 Tentativa #79 (rodando há 1h27m26s)...
2026-03-10 21:40:01 [INFO]    ❌ Sem capacidade (InternalError: 500). Aguardando 60s...
2026-03-10 21:40:07 [INFO] [TRY] Tentativa #67 (rodando ha 1h12m17s)...
2026-03-10 21:40:09 [INFO]    [FAIL] Sem capacidade (InternalError: 500). Aguardando 60s...
2026-03-10 21:41:01 [INFO] 📡 Tentativa #80 (rodando há 1h28m27s)...
2026-03-10 21:41:03 [INFO]    ❌ Sem capacidade (InternalError: 500). Aguardando 60s...
2026-03-10 21:41:09 [INFO] [TRY] Tentativa #68 (rodando ha 1h13m18s)...
2026-03-10 21:41:10 [INFO]    [FAIL] Sem capacidade (InternalError: 500). Aguardando 60s...
2026-03-10 21:42:03 [INFO] 📡 Tentativa #81 (rodando há 1h29m29s)...
2026-03-10 21:42:04 [INFO]    ❌ Sem capacidade (InternalError: 500). Aguardando 60s...
2026-03-10 21:42:10 [INFO] [TRY] Tentativa #69 (rodando ha 1h14m19s)...
2026-03-10 21:42:11 [INFO]    [FAIL] Sem capacidade (InternalError: 500). Aguardando 60s...
2026-03-10 21:43:04 [INFO] 📡 Tentativa #82 (rodando há 1h30m30s)...
2026-03-10 21:43:05 [INFO]    ❌ Sem capacidade (InternalError: 500). Aguardando 60s...
2026-03-10 21:43:11 [INFO] [TRY] Tentativa #70 (rodando ha 1h15m21s)...
2026-03-10 21:43:12 [INFO]    [FAIL] Sem capacidade (InternalError: 500). Aguardando 60s...
2026-03-10 21:44:05 [INFO] 📡 Tentativa #83 (rodando há 1h31m31s)...
2026-03-10 21:44:06 [INFO]    ❌ Sem capacidade (InternalError: 500). Aguardando 60s...
2026-03-10 21:44:12 [INFO] [TRY] Tentativa #71 (rodando ha 1h16m22s)...
2026-03-10 21:44:13 [INFO]    [FAIL] Sem capacidade (InternalError: 500). Aguardando 60s...
2026-03-10 21:45:06 [INFO] 📡 Tentativa #84 (rodando há 1h32m32s)...
2026-03-10 21:45:08 [INFO]    ❌ Sem capacidade (InternalError: 500). Aguardando 60s...
2026-03-10 21:45:13 [INFO] [TRY] Tentativa #72 (rodando ha 1h17m23s)...
2026-03-10 21:45:14 [INFO]    [FAIL] Sem capacidade (InternalError: 500). Aguardando 60s...
2026-03-10 21:46:08 [INFO] 📡 Tentativa #85 (rodando há 1h33m34s)...
2026-03-10 21:46:09 [INFO]    ❌ Sem capacidade (InternalError: 500). Aguardando 60s...
2026-03-10 21:46:14 [INFO] [TRY] Tentativa #73 (rodando ha 1h18m24s)...
2026-03-10 21:46:15 [INFO]    [FAIL] Sem capacidade (InternalError: 500). Aguardando 60s...
2026-03-10 21:47:09 [INFO] 📡 Tentativa #86 (rodando há 1h34m35s)...
2026-03-10 21:47:10 [INFO]    ❌ Sem capacidade (InternalError: 500). Aguardando 60s...
2026-03-10 21:47:15 [INFO] [TRY] Tentativa #74 (rodando ha 1h19m25s)...
2026-03-10 21:47:17 [INFO]    [FAIL] Sem capacidade (InternalError: 500). Aguardando 60s...
2026-03-10 21:48:10 [INFO] 📡 Tentativa #87 (rodando há 1h35m36s)...
2026-03-10 21:48:11 [INFO]    ❌ Sem capacidade (InternalError: 500). Aguardando 60s...
2026-03-10 21:48:17 [INFO] [TRY] Tentativa #75 (rodando ha 1h20m26s)...
2026-03-10 21:48:18 [INFO]    [FAIL] Sem capacidade (InternalError: 500). Aguardando 60s...
2026-03-10 21:49:11 [INFO] 📡 Tentativa #88 (rodando há 1h36m37s)...
2026-03-10 21:49:12 [INFO]    ❌ Sem capacidade (InternalError: 500). Aguardando 60s...
2026-03-10 21:49:18 [INFO] [TRY] Tentativa #76 (rodando ha 1h21m27s)...
2026-03-10 21:49:19 [INFO]    [FAIL] Sem capacidade (InternalError: 500). Aguardando 60s...
2026-03-10 21:50:12 [INFO] 📡 Tentativa #89 (rodando há 1h37m38s)...
2026-03-10 21:50:13 [INFO]    ❌ Sem capacidade (InternalError: 500). Aguardando 60s...
2026-03-10 21:50:19 [INFO] [TRY] Tentativa #77 (rodando ha 1h22m29s)...
2026-03-10 21:50:20 [INFO]    [FAIL] Sem capacidade (InternalError: 500). Aguardando 60s...
2026-03-10 21:51:13 [INFO] 📡 Tentativa #90 (rodando há 1h38m39s)...
2026-03-10 21:51:14 [INFO]    ❌ Sem capacidade (InternalError: 500). Aguardando 60s...
2026-03-10 21:51:20 [INFO] [TRY] Tentativa #78 (rodando ha 1h23m30s)...
2026-03-10 21:51:21 [INFO]    [FAIL] Sem capacidade (InternalError: 500). Aguardando 60s...
2026-03-10 21:52:14 [INFO] 📡 Tentativa #91 (rodando há 1h39m40s)...
2026-03-10 21:52:16 [INFO]    ❌ Sem capacidade (InternalError: 500). Aguardando 60s...
2026-03-10 21:52:21 [INFO] [TRY] Tentativa #79 (rodando ha 1h24m31s)...
2026-03-10 21:52:22 [INFO]    [FAIL] Sem capacidade (InternalError: 500). Aguardando 60s...
2026-03-10 21:53:16 [INFO] 📡 Tentativa #92 (rodando há 1h40m42s)...
2026-03-10 21:53:17 [INFO]    ❌ Sem capacidade (InternalError: 500). Aguardando 60s...
2026-03-10 21:53:22 [INFO] [TRY] Tentativa #80 (rodando ha 1h25m32s)...
2026-03-10 21:53:23 [INFO]    [FAIL] Sem capacidade (InternalError: 500). Aguardando 60s...
2026-03-10 21:54:17 [INFO] 📡 Tentativa #93 (rodando há 1h41m43s)...
2026-03-10 21:54:18 [INFO]    ❌ Sem capacidade (InternalError: 500). Aguardando 60s...
2026-03-10 21:54:23 [INFO] [TRY] Tentativa #81 (rodando ha 1h26m33s)...
2026-03-10 21:54:25 [INFO]    [FAIL] Sem capacidade (InternalError: 500). Aguardando 60s...
2026-03-10 21:55:18 [INFO] 📡 Tentativa #94 (rodando há 1h42m44s)...
2026-03-10 21:55:19 [INFO]    ❌ Sem capacidade (InternalError: 500). Aguardando 60s...
2026-03-10 21:55:25 [INFO] [TRY] Tentativa #82 (rodando ha 1h27m34s)...
2026-03-10 21:55:26 [INFO]    [FAIL] Sem capacidade (InternalError: 500). Aguardando 60s...
2026-03-10 21:56:19 [INFO] 📡 Tentativa #95 (rodando há 1h43m45s)...
2026-03-10 21:56:21 [INFO]    ❌ Sem capacidade (InternalError: 500). Aguardando 60s...
2026-03-10 21:56:26 [INFO] [TRY] Tentativa #83 (rodando ha 1h28m36s)...
2026-03-10 21:56:28 [INFO]    [FAIL] Sem capacidade (InternalError: 500). Aguardando 60s...
2026-03-10 21:57:21 [INFO] 📡 Tentativa #96 (rodando há 1h44m47s)...
2026-03-10 21:57:23 [INFO]    ❌ Sem capacidade (InternalError: 500). Aguardando 60s...
2026-03-10 21:57:28 [INFO] [TRY] Tentativa #84 (rodando ha 1h29m38s)...
2026-03-10 21:57:30 [INFO]    [FAIL] Sem capacidade (InternalError: 500). Aguardando 60s...
2026-03-10 21:58:23 [INFO] 📡 Tentativa #97 (rodando há 1h45m49s)...
2026-03-10 21:58:25 [INFO]    ❌ Sem capacidade (InternalError: 500). Aguardando 60s...
2026-03-10 21:58:30 [INFO] [TRY] Tentativa #85 (rodando ha 1h30m40s)...
2026-03-10 21:58:32 [INFO]    [FAIL] Sem capacidade (InternalError: 500). Aguardando 60s...
2026-03-10 21:59:25 [INFO] 📡 Tentativa #98 (rodando há 1h46m51s)...
2026-03-10 21:59:27 [INFO]    ❌ Sem capacidade (InternalError: 500). Aguardando 60s...
2026-03-10 21:59:32 [INFO] [TRY] Tentativa #86 (rodando ha 1h31m42s)...
2026-03-10 21:59:34 [INFO]    [FAIL] Sem capacidade (InternalError: 500). Aguardando 60s...
2026-03-10 22:00:27 [INFO] 📡 Tentativa #99 (rodando há 1h47m53s)...
2026-03-10 22:00:29 [INFO]    ❌ Sem capacidade (InternalError: 500). Aguardando 60s...
2026-03-10 22:00:34 [INFO] [TRY] Tentativa #87 (rodando ha 1h32m44s)...
2026-03-10 22:00:36 [INFO]    [FAIL] Sem capacidade (InternalError: 500). Aguardando 60s...
2026-03-10 22:01:29 [INFO] 📡 Tentativa #100 (rodando há 1h48m55s)...
2026-03-10 22:01:31 [INFO]    ❌ Sem capacidade (InternalError: 500). Aguardando 60s...
2026-03-10 22:01:36 [INFO] [TRY] Tentativa #88 (rodando ha 1h33m46s)...
2026-03-10 22:01:38 [INFO]    [FAIL] Sem capacidade (InternalError: 500). Aguardando 60s...
2026-03-10 22:02:31 [INFO] 📡 Tentativa #101 (rodando há 1h49m57s)...
2026-03-10 22:02:33 [INFO]    ❌ Sem capacidade (InternalError: 500). Aguardando 60s...
2026-03-10 22:02:38 [INFO] [TRY] Tentativa #89 (rodando ha 1h34m47s)...
2026-03-10 22:02:40 [INFO]    [FAIL] Sem capacidade (InternalError: 500). Aguardando 60s...
2026-03-10 22:03:33 [INFO] 📡 Tentativa #102 (rodando há 1h50m59s)...
2026-03-10 22:03:36 [INFO]    ❌ Sem capacidade (InternalError: 500). Aguardando 60s...
2026-03-10 22:03:40 [INFO] [TRY] Tentativa #90 (rodando ha 1h35m50s)...
2026-03-10 22:03:42 [INFO]    [FAIL] Sem capacidade (InternalError: 500). Aguardando 60s...
2026-03-10 22:04:36 [INFO] 📡 Tentativa #103 (rodando há 1h52m02s)...
2026-03-10 22:04:39 [INFO]    ❌ Sem capacidade (InternalError: 500). Aguardando 60s...
2026-03-10 22:04:42 [INFO] [TRY] Tentativa #91 (rodando ha 1h36m52s)...
2026-03-10 22:04:44 [INFO]    [FAIL] Sem capacidade (InternalError: 500). Aguardando 60s...
2026-03-10 22:05:39 [INFO] 📡 Tentativa #104 (rodando há 1h53m05s)...
2026-03-10 22:05:41 [INFO]    ❌ Sem capacidade (InternalError: 500). Aguardando 60s...
2026-03-10 22:05:44 [INFO] [TRY] Tentativa #92 (rodando ha 1h37m54s)...
2026-03-10 22:05:45 [INFO]    [FAIL] Sem capacidade (InternalError: 500). Aguardando 60s...
2026-03-10 22:06:41 [INFO] 📡 Tentativa #105 (rodando há 1h54m06s)...
2026-03-10 22:06:43 [INFO]    ❌ Sem capacidade (InternalError: 500). Aguardando 60s...
2026-03-10 22:06:45 [INFO] [TRY] Tentativa #93 (rodando ha 1h38m55s)...
2026-03-10 22:06:47 [INFO]    [FAIL] Sem capacidade (InternalError: 500). Aguardando 60s...
2026-03-10 22:07:43 [INFO] 📡 Tentativa #106 (rodando há 1h55m08s)...
2026-03-10 22:07:44 [INFO]    ❌ Sem capacidade (InternalError: 500). Aguardando 60s...
2026-03-10 22:07:47 [INFO] [TRY] Tentativa #94 (rodando ha 1h39m56s)...
2026-03-10 22:07:48 [INFO]    [FAIL] Sem capacidade (InternalError: 500). Aguardando 60s...
2026-03-10 22:08:44 [INFO] 📡 Tentativa #107 (rodando há 1h56m10s)...
2026-03-10 22:08:46 [INFO]    ❌ Sem capacidade (InternalError: 500). Aguardando 60s...
2026-03-10 22:08:48 [INFO] [TRY] Tentativa #95 (rodando ha 1h40m58s)...
2026-03-10 22:08:50 [INFO]    [FAIL] Sem capacidade (InternalError: 500). Aguardando 60s...
2026-03-10 22:09:46 [INFO] 📡 Tentativa #108 (rodando há 1h57m12s)...
2026-03-10 22:09:47 [INFO]    ❌ Sem capacidade (InternalError: 500). Aguardando 60s...
2026-03-10 22:09:50 [INFO] [TRY] Tentativa #96 (rodando ha 1h42m00s)...
2026-03-10 22:09:51 [INFO]    [FAIL] Sem capacidade (InternalError: 500). Aguardando 60s...
2026-03-10 22:10:47 [INFO] 📡 Tentativa #109 (rodando há 1h58m13s)...
2026-03-10 22:10:49 [INFO]    ❌ Sem capacidade (InternalError: 500). Aguardando 60s...
2026-03-10 22:10:51 [INFO] [TRY] Tentativa #97 (rodando ha 1h43m01s)...
2026-03-10 22:10:53 [INFO]    [FAIL] Sem capacidade (InternalError: 500). Aguardando 60s...
2026-03-10 22:11:49 [INFO] 📡 Tentativa #110 (rodando há 1h59m15s)...
2026-03-10 22:11:51 [INFO]    ❌ Sem capacidade (InternalError: 500). Aguardando 60s...
2026-03-10 22:11:53 [INFO] [TRY] Tentativa #98 (rodando ha 1h44m03s)...
2026-03-10 22:11:55 [INFO]    [FAIL] Sem capacidade (InternalError: 500). Aguardando 60s...
2026-03-10 22:12:51 [INFO] 📡 Tentativa #111 (rodando há 2h00m16s)...
2026-03-10 22:12:52 [INFO]    ❌ Sem capacidade (InternalError: 500). Aguardando 60s...
2026-03-10 22:12:55 [INFO] [TRY] Tentativa #99 (rodando ha 1h45m04s)...
2026-03-10 22:12:56 [INFO]    [FAIL] Sem capacidade (InternalError: 500). Aguardando 60s...
2026-03-10 22:13:52 [INFO] 📡 Tentativa #112 (rodando há 2h01m18s)...
2026-03-10 22:13:54 [INFO]    ❌ Sem capacidade (InternalError: 500). Aguardando 60s...
2026-03-10 22:13:56 [INFO] [TRY] Tentativa #100 (rodando ha 1h46m06s)...
2026-03-10 22:13:58 [INFO]    [FAIL] Sem capacidade (InternalError: 500). Aguardando 60s...
2026-03-10 22:14:54 [INFO] 📡 Tentativa #113 (rodando há 2h02m19s)...
2026-03-10 22:14:55 [INFO]    ❌ Sem capacidade (InternalError: 500). Aguardando 60s...
2026-03-10 22:14:58 [INFO] [TRY] Tentativa #101 (rodando ha 1h47m07s)...
2026-03-10 22:14:59 [INFO]    [FAIL] Sem capacidade (InternalError: 500). Aguardando 60s...
2026-03-10 22:15:55 [INFO] 📡 Tentativa #114 (rodando há 2h03m21s)...
2026-03-10 22:15:57 [INFO]    ❌ Sem capacidade (InternalError: 500). Aguardando 60s...
2026-03-10 22:15:59 [INFO] [TRY] Tentativa #102 (rodando ha 1h48m09s)...
2026-03-10 22:16:01 [INFO]    [FAIL] Sem capacidade (InternalError: 500). Aguardando 60s...
2026-03-10 22:16:57 [INFO] 📡 Tentativa #115 (rodando há 2h04m23s)...
2026-03-10 22:16:59 [INFO]    ❌ Sem capacidade (InternalError: 500). Aguardando 60s...
2026-03-10 22:17:01 [INFO] [TRY] Tentativa #103 (rodando ha 1h49m11s)...
2026-03-10 22:17:03 [INFO]    [FAIL] Sem capacidade (InternalError: 500). Aguardando 60s...
2026-03-10 22:17:59 [INFO] 📡 Tentativa #116 (rodando há 2h05m25s)...
2026-03-10 22:18:02 [INFO]    ❌ Sem capacidade (InternalError: 500). Aguardando 60s...
2026-03-10 22:18:03 [INFO] [TRY] Tentativa #104 (rodando ha 1h50m13s)...
2026-03-10 22:18:05 [INFO]    [FAIL] Sem capacidade (InternalError: 500). Aguardando 60s...
2026-03-10 22:19:02 [INFO] 📡 Tentativa #117 (rodando há 2h06m28s)...
2026-03-10 22:19:03 [INFO]    ❌ Sem capacidade (InternalError: 500). Aguardando 60s...
2026-03-10 22:19:05 [INFO] [TRY] Tentativa #105 (rodando ha 1h51m15s)...
2026-03-10 22:19:07 [INFO]    [FAIL] Sem capacidade (InternalError: 500). Aguardando 60s...
2026-03-10 22:20:03 [INFO] 📡 Tentativa #118 (rodando há 2h07m29s)...
2026-03-10 22:20:05 [INFO]    ❌ Sem capacidade (InternalError: 500). Aguardando 60s...
2026-03-10 22:20:07 [INFO] [TRY] Tentativa #106 (rodando ha 1h52m17s)...
2026-03-10 22:20:08 [INFO]    [FAIL] Sem capacidade (InternalError: 500). Aguardando 60s...
2026-03-10 22:21:05 [INFO] 📡 Tentativa #119 (rodando há 2h08m31s)...
2026-03-10 22:21:06 [INFO]    ❌ Sem capacidade (InternalError: 500). Aguardando 60s...
2026-03-10 22:21:08 [INFO] [TRY] Tentativa #107 (rodando ha 1h53m18s)...
2026-03-10 22:21:10 [INFO]    [FAIL] Sem capacidade (InternalError: 500). Aguardando 60s...
2026-03-10 22:22:06 [INFO] 📡 Tentativa #120 (rodando há 2h09m32s)...
2026-03-10 22:22:08 [INFO]    ❌ Sem capacidade (InternalError: 500). Aguardando 60s...
2026-03-10 22:22:10 [INFO] [TRY] Tentativa #108 (rodando ha 1h54m20s)...
2026-03-10 22:22:11 [INFO]    [FAIL] Sem capacidade (InternalError: 500). Aguardando 60s...
2026-03-10 22:23:08 [INFO] 📡 Tentativa #121 (rodando há 2h10m34s)...
2026-03-10 22:23:10 [INFO]    ❌ Sem capacidade (InternalError: 500). Aguardando 60s...
2026-03-10 22:23:11 [INFO] [TRY] Tentativa #109 (rodando ha 1h55m21s)...
2026-03-10 22:23:13 [INFO]    [FAIL] Sem capacidade (InternalError: 500). Aguardando 60s...
2026-03-10 22:24:10 [INFO] 📡 Tentativa #122 (rodando há 2h11m35s)...
2026-03-10 22:24:11 [INFO]    ❌ Sem capacidade (InternalError: 500). Aguardando 60s...
2026-03-10 22:24:13 [INFO] [TRY] Tentativa #110 (rodando ha 1h56m23s)...
2026-03-10 22:24:14 [INFO]    [FAIL] Sem capacidade (InternalError: 500). Aguardando 60s...
2026-03-10 22:25:11 [INFO] 📡 Tentativa #123 (rodando há 2h12m37s)...
2026-03-10 22:25:12 [WARNING] ⚠️  Rate limit atingido! Esperando 120s...
2026-03-10 22:25:14 [INFO] [TRY] Tentativa #111 (rodando ha 1h57m24s)...
2026-03-10 22:25:16 [INFO]    [FAIL] Sem capacidade (InternalError: 500). Aguardando 60s...
2026-03-10 22:26:12 [INFO]    ❌ Sem capacidade (TooManyRequests: 429). Aguardando 60s...
2026-03-10 22:26:16 [INFO] [TRY] Tentativa #112 (rodando ha 1h58m26s)...
2026-03-10 22:26:17 [INFO]    [FAIL] Sem capacidade (InternalError: 500). Aguardando 60s...
2026-03-10 22:27:12 [INFO] 📡 Tentativa #124 (rodando há 2h14m38s)...
2026-03-10 22:27:14 [INFO]    ❌ Sem capacidade (InternalError: 500). Aguardando 60s...
2026-03-10 22:27:17 [INFO] [TRY] Tentativa #113 (rodando ha 1h59m27s)...
2026-03-10 22:27:19 [INFO]    [FAIL] Sem capacidade (InternalError: 500). Aguardando 60s...
2026-03-10 22:28:14 [INFO] 📡 Tentativa #125 (rodando há 2h15m39s)...
2026-03-10 22:28:15 [INFO]    ❌ Sem capacidade (InternalError: 500). Aguardando 60s...
2026-03-10 22:28:19 [INFO] [TRY] Tentativa #114 (rodando ha 2h00m29s)...
2026-03-10 22:28:20 [INFO]    [FAIL] Sem capacidade (InternalError: 500). Aguardando 60s...
2026-03-10 22:29:15 [INFO] 📡 Tentativa #126 (rodando há 2h16m41s)...
2026-03-10 22:29:17 [INFO]    ❌ Sem capacidade (InternalError: 500). Aguardando 60s...
2026-03-10 22:29:20 [INFO] [TRY] Tentativa #115 (rodando ha 2h01m30s)...
2026-03-10 22:29:21 [WARNING] [RATE-LIMIT] Rate limit atingido! Esperando 120s...
2026-03-10 22:30:17 [INFO] 📡 Tentativa #127 (rodando há 2h17m43s)...
2026-03-10 22:30:19 [INFO]    ❌ Sem capacidade (InternalError: 500). Aguardando 60s...
2026-03-10 22:30:21 [INFO]    [FAIL] Sem capacidade (TooManyRequests: 429). Aguardando 60s...
2026-03-10 22:31:19 [INFO] 📡 Tentativa #128 (rodando há 2h18m45s)...
2026-03-10 22:31:21 [INFO]    ❌ Sem capacidade (InternalError: 500). Aguardando 60s...
2026-03-10 22:31:21 [INFO] [TRY] Tentativa #116 (rodando ha 2h03m31s)...
2026-03-10 22:31:23 [INFO]    [FAIL] Sem capacidade (InternalError: 500). Aguardando 60s...
2026-03-10 22:32:21 [INFO] 📡 Tentativa #129 (rodando há 2h19m47s)...
2026-03-10 22:32:23 [INFO]    ❌ Sem capacidade (InternalError: 500). Aguardando 60s...
2026-03-10 22:32:23 [INFO] [TRY] Tentativa #117 (rodando ha 2h04m33s)...
2026-03-10 22:32:25 [INFO]    [FAIL] Sem capacidade (InternalError: 500). Aguardando 60s...
2026-03-10 22:33:23 [INFO] 📡 Tentativa #130 (rodando há 2h20m49s)...
2026-03-10 22:33:25 [INFO] [TRY] Tentativa #118 (rodando ha 2h05m34s)...
2026-03-10 22:33:25 [INFO]    ❌ Sem capacidade (InternalError: 500). Aguardando 60s...
2026-03-10 22:33:26 [INFO]    [FAIL] Sem capacidade (InternalError: 500). Aguardando 60s...
2026-03-10 22:34:25 [INFO] 📡 Tentativa #131 (rodando há 2h21m50s)...
2026-03-10 22:34:26 [INFO]    ❌ Sem capacidade (InternalError: 500). Aguardando 60s...
2026-03-10 22:34:26 [INFO] [TRY] Tentativa #119 (rodando ha 2h06m36s)...
2026-03-10 22:34:28 [INFO]    [FAIL] Sem capacidade (InternalError: 500). Aguardando 60s...
2026-03-10 22:35:26 [INFO] 📡 Tentativa #132 (rodando há 2h22m52s)...
2026-03-10 22:35:27 [INFO]    ❌ Sem capacidade (InternalError: 500). Aguardando 60s...
2026-03-10 22:35:28 [INFO] [TRY] Tentativa #120 (rodando ha 2h07m37s)...
2026-03-10 22:35:29 [INFO]    [FAIL] Sem capacidade (InternalError: 500). Aguardando 60s...
2026-03-10 22:36:27 [INFO] 📡 Tentativa #133 (rodando há 2h23m53s)...
2026-03-10 22:36:29 [INFO]    ❌ Sem capacidade (InternalError: 500). Aguardando 60s...
2026-03-10 22:36:29 [INFO] [TRY] Tentativa #121 (rodando ha 2h08m39s)...
2026-03-10 22:36:30 [INFO]    [FAIL] Sem capacidade (InternalError: 500). Aguardando 60s...
2026-03-10 22:37:29 [INFO] 📡 Tentativa #134 (rodando há 2h24m55s)...
2026-03-10 22:37:30 [INFO] [TRY] Tentativa #122 (rodando ha 2h09m40s)...
2026-03-10 22:37:30 [INFO]    ❌ Sem capacidade (InternalError: 500). Aguardando 60s...
2026-03-10 22:37:32 [INFO]    [FAIL] Sem capacidade (InternalError: 500). Aguardando 60s...
2026-03-10 22:38:30 [INFO] 📡 Tentativa #135 (rodando há 2h25m56s)...
2026-03-10 22:38:32 [INFO] [TRY] Tentativa #123 (rodando ha 2h10m42s)...
2026-03-10 22:38:32 [INFO]    ❌ Sem capacidade (InternalError: 500). Aguardando 60s...
2026-03-10 22:38:33 [INFO]    [FAIL] Sem capacidade (InternalError: 500). Aguardando 60s...
2026-03-10 22:39:32 [INFO] 📡 Tentativa #136 (rodando há 2h26m58s)...
2026-03-10 22:39:33 [INFO] [TRY] Tentativa #124 (rodando ha 2h11m43s)...
2026-03-10 22:39:34 [INFO]    ❌ Sem capacidade (InternalError: 500). Aguardando 60s...
2026-03-10 22:39:35 [INFO]    [FAIL] Sem capacidade (InternalError: 500). Aguardando 60s...
2026-03-10 22:40:34 [INFO] 📡 Tentativa #137 (rodando há 2h28m00s)...
2026-03-10 22:40:35 [INFO] [TRY] Tentativa #125 (rodando ha 2h12m45s)...
2026-03-10 22:40:36 [INFO]    ❌ Sem capacidade (InternalError: 500). Aguardando 60s...
2026-03-10 22:40:36 [INFO]    [FAIL] Sem capacidade (InternalError: 500). Aguardando 60s...
2026-03-10 22:41:36 [INFO] 📡 Tentativa #138 (rodando há 2h29m02s)...
2026-03-10 22:41:36 [INFO] [TRY] Tentativa #126 (rodando ha 2h13m46s)...
2026-03-10 22:41:37 [INFO]    ❌ Sem capacidade (InternalError: 500). Aguardando 60s...
2026-03-10 22:41:38 [INFO]    [FAIL] Sem capacidade (InternalError: 500). Aguardando 60s...
2026-03-10 22:42:37 [INFO] 📡 Tentativa #139 (rodando há 2h30m03s)...
2026-03-10 22:42:38 [INFO] [TRY] Tentativa #127 (rodando ha 2h14m48s)...
2026-03-10 22:42:38 [INFO]    ❌ Sem capacidade (InternalError: 500). Aguardando 60s...
2026-03-10 22:42:39 [INFO]    [FAIL] Sem capacidade (InternalError: 500). Aguardando 60s...
2026-03-10 22:43:38 [INFO] 📡 Tentativa #140 (rodando há 2h31m04s)...
2026-03-10 22:43:39 [INFO] [TRY] Tentativa #128 (rodando ha 2h15m49s)...
2026-03-10 22:43:40 [INFO]    ❌ Sem capacidade (InternalError: 500). Aguardando 60s...
2026-03-10 22:43:41 [INFO]    [FAIL] Sem capacidade (InternalError: 500). Aguardando 60s...
2026-03-10 22:44:40 [INFO] 📡 Tentativa #141 (rodando há 2h32m06s)...
2026-03-10 22:44:41 [INFO] [TRY] Tentativa #129 (rodando ha 2h16m51s)...
2026-03-10 22:44:41 [INFO]    ❌ Sem capacidade (InternalError: 500). Aguardando 60s...
2026-03-10 22:44:42 [INFO]    [FAIL] Sem capacidade (InternalError: 500). Aguardando 60s...
2026-03-10 22:45:41 [INFO] 📡 Tentativa #142 (rodando há 2h33m07s)...
2026-03-10 22:45:42 [INFO] [TRY] Tentativa #130 (rodando ha 2h17m52s)...
2026-03-10 22:45:43 [INFO]    ❌ Sem capacidade (InternalError: 500). Aguardando 60s...
2026-03-10 22:45:44 [INFO]    [FAIL] Sem capacidade (InternalError: 500). Aguardando 60s...
2026-03-10 22:46:43 [INFO] 📡 Tentativa #143 (rodando há 2h34m09s)...
2026-03-10 22:46:44 [INFO] [TRY] Tentativa #131 (rodando ha 2h18m54s)...
2026-03-10 22:46:45 [INFO]    ❌ Sem capacidade (InternalError: 500). Aguardando 60s...
2026-03-10 22:46:46 [INFO]    [FAIL] Sem capacidade (InternalError: 500). Aguardando 60s...
2026-03-10 22:47:45 [INFO] 📡 Tentativa #144 (rodando há 2h35m10s)...
2026-03-10 22:47:46 [INFO] [TRY] Tentativa #132 (rodando ha 2h19m55s)...
2026-03-10 22:47:46 [INFO]    ❌ Sem capacidade (InternalError: 500). Aguardando 60s...
2026-03-10 22:47:47 [INFO]    [FAIL] Sem capacidade (InternalError: 500). Aguardando 60s...
2026-03-10 22:48:46 [INFO] 📡 Tentativa #145 (rodando há 2h36m12s)...
2026-03-10 22:48:47 [INFO] [TRY] Tentativa #133 (rodando ha 2h20m57s)...
2026-03-10 22:48:48 [INFO]    ❌ Sem capacidade (InternalError: 500). Aguardando 60s...
2026-03-10 22:48:49 [INFO]    [FAIL] Sem capacidade (InternalError: 500). Aguardando 60s...
2026-03-10 22:49:48 [INFO] 📡 Tentativa #146 (rodando há 2h37m13s)...
2026-03-10 22:49:49 [INFO] [TRY] Tentativa #134 (rodando ha 2h21m58s)...
2026-03-10 22:49:49 [INFO]    ❌ Sem capacidade (InternalError: 500). Aguardando 60s...
2026-03-10 22:49:50 [INFO]    [FAIL] Sem capacidade (InternalError: 500). Aguardando 60s...
2026-03-10 22:50:49 [INFO] 📡 Tentativa #147 (rodando há 2h38m15s)...
2026-03-10 22:50:50 [INFO] [TRY] Tentativa #135 (rodando ha 2h22m59s)...
2026-03-10 22:50:51 [INFO]    ❌ Sem capacidade (InternalError: 500). Aguardando 60s...
2026-03-10 22:50:51 [INFO]    [FAIL] Sem capacidade (InternalError: 500). Aguardando 60s...
2026-03-10 22:51:51 [INFO] 📡 Tentativa #148 (rodando há 2h39m17s)...
2026-03-10 22:51:51 [INFO] [TRY] Tentativa #136 (rodando ha 2h24m01s)...
2026-03-10 22:51:52 [INFO]    ❌ Sem capacidade (InternalError: 500). Aguardando 60s...
2026-03-10 22:51:53 [INFO]    [FAIL] Sem capacidade (InternalError: 500). Aguardando 60s...
2026-03-10 22:52:52 [INFO] 📡 Tentativa #149 (rodando há 2h40m18s)...
2026-03-10 22:52:53 [WARNING] ⚠️  Rate limit atingido! Esperando 120s...
2026-03-10 22:52:53 [INFO] [TRY] Tentativa #137 (rodando ha 2h25m03s)...
2026-03-10 22:52:55 [INFO]    [FAIL] Sem capacidade (InternalError: 500). Aguardando 60s...
2026-03-10 22:53:53 [INFO]    ❌ Sem capacidade (TooManyRequests: 429). Aguardando 60s...
2026-03-10 22:53:55 [INFO] [TRY] Tentativa #138 (rodando ha 2h26m04s)...
2026-03-10 22:53:56 [INFO]    [FAIL] Sem capacidade (InternalError: 500). Aguardando 60s...
2026-03-10 22:54:53 [INFO] 📡 Tentativa #150 (rodando há 2h42m19s)...
2026-03-10 22:54:55 [INFO]    ❌ Sem capacidade (InternalError: 500). Aguardando 60s...
2026-03-10 22:54:56 [INFO] [TRY] Tentativa #139 (rodando ha 2h27m06s)...
2026-03-10 22:54:57 [INFO]    [FAIL] Sem capacidade (InternalError: 500). Aguardando 60s...
2026-03-10 22:55:55 [INFO] 📡 Tentativa #151 (rodando há 2h43m20s)...
2026-03-10 22:55:56 [INFO]    ❌ Sem capacidade (InternalError: 500). Aguardando 60s...
2026-03-10 22:55:57 [INFO] [TRY] Tentativa #140 (rodando ha 2h28m07s)...
2026-03-10 22:55:59 [INFO]    [FAIL] Sem capacidade (InternalError: 500). Aguardando 60s...
2026-03-10 22:56:56 [INFO] 📡 Tentativa #152 (rodando há 2h44m22s)...
2026-03-10 22:56:57 [WARNING] ⚠️  Rate limit atingido! Esperando 120s...
2026-03-10 22:56:59 [INFO] [TRY] Tentativa #141 (rodando ha 2h29m09s)...
2026-03-10 22:57:00 [INFO]    [FAIL] Sem capacidade (InternalError: 500). Aguardando 60s...
2026-03-10 22:57:57 [INFO]    ❌ Sem capacidade (TooManyRequests: 429). Aguardando 60s...
2026-03-10 22:58:00 [INFO] [TRY] Tentativa #142 (rodando ha 2h30m10s)...
2026-03-10 22:58:02 [INFO]    [FAIL] Sem capacidade (InternalError: 500). Aguardando 60s...
2026-03-10 22:58:57 [INFO] 📡 Tentativa #153 (rodando há 2h46m23s)...
2026-03-10 22:58:59 [INFO]    ❌ Sem capacidade (InternalError: 500). Aguardando 60s...
2026-03-10 22:59:02 [INFO] [TRY] Tentativa #143 (rodando ha 2h31m12s)...
2026-03-10 22:59:03 [INFO]    [FAIL] Sem capacidade (InternalError: 500). Aguardando 60s...
2026-03-10 22:59:59 [INFO] 📡 Tentativa #154 (rodando há 2h47m25s)...
2026-03-10 23:00:00 [INFO]    ❌ Sem capacidade (InternalError: 500). Aguardando 60s...
2026-03-10 23:00:03 [INFO] [TRY] Tentativa #144 (rodando ha 2h32m13s)...
2026-03-10 23:00:05 [INFO]    [FAIL] Sem capacidade (InternalError: 500). Aguardando 60s...
2026-03-10 23:01:00 [INFO] 📡 Tentativa #155 (rodando há 2h48m26s)...
2026-03-10 23:01:02 [INFO]    ❌ Sem capacidade (InternalError: 500). Aguardando 60s...
2026-03-10 23:01:05 [INFO] [TRY] Tentativa #145 (rodando ha 2h33m14s)...
2026-03-10 23:01:06 [INFO]    [FAIL] Sem capacidade (InternalError: 500). Aguardando 60s...
2026-03-10 23:02:02 [INFO] 📡 Tentativa #156 (rodando há 2h49m27s)...
2026-03-10 23:02:02 [WARNING] ⚠️  Rate limit atingido! Esperando 120s...
2026-03-10 23:02:06 [INFO] [TRY] Tentativa #146 (rodando ha 2h34m16s)...
2026-03-10 23:02:08 [INFO]    [FAIL] Sem capacidade (InternalError: 500). Aguardando 60s...
2026-03-10 23:03:02 [INFO]    ❌ Sem capacidade (TooManyRequests: 429). Aguardando 60s...
2026-03-10 23:03:08 [INFO] [TRY] Tentativa #147 (rodando ha 2h35m17s)...
2026-03-10 23:03:09 [INFO]    [FAIL] Sem capacidade (InternalError: 500). Aguardando 60s...
2026-03-10 23:04:02 [INFO] 📡 Tentativa #157 (rodando há 2h51m28s)...
2026-03-10 23:04:04 [INFO]    ❌ Sem capacidade (InternalError: 500). Aguardando 60s...
2026-03-10 23:04:09 [INFO] [TRY] Tentativa #148 (rodando ha 2h36m19s)...
2026-03-10 23:04:11 [INFO]    [FAIL] Sem capacidade (InternalError: 500). Aguardando 60s...
2026-03-10 23:05:04 [INFO] 📡 Tentativa #158 (rodando há 2h52m30s)...
2026-03-10 23:05:06 [INFO]    ❌ Sem capacidade (InternalError: 500). Aguardando 60s...
2026-03-10 23:05:11 [INFO] [TRY] Tentativa #149 (rodando ha 2h37m20s)...
2026-03-10 23:05:12 [INFO]    [FAIL] Sem capacidade (InternalError: 500). Aguardando 60s...
2026-03-10 23:06:06 [INFO] 📡 Tentativa #159 (rodando há 2h53m31s)...
2026-03-10 23:06:07 [INFO]    ❌ Sem capacidade (InternalError: 500). Aguardando 60s...
2026-03-10 23:06:12 [INFO] [TRY] Tentativa #150 (rodando ha 2h38m22s)...
2026-03-10 23:06:14 [INFO]    [FAIL] Sem capacidade (InternalError: 500). Aguardando 60s...
2026-03-10 23:07:07 [INFO] 📡 Tentativa #160 (rodando há 2h54m33s)...
2026-03-10 23:07:09 [INFO]    ❌ Sem capacidade (InternalError: 500). Aguardando 60s...
2026-03-10 23:07:14 [INFO] [TRY] Tentativa #151 (rodando ha 2h39m23s)...
2026-03-10 23:07:15 [INFO]    [FAIL] Sem capacidade (InternalError: 500). Aguardando 60s...
2026-03-10 23:08:09 [INFO] 📡 Tentativa #161 (rodando há 2h55m34s)...
2026-03-10 23:08:10 [INFO]    ❌ Sem capacidade (InternalError: 500). Aguardando 60s...
2026-03-10 23:08:15 [INFO] [TRY] Tentativa #152 (rodando ha 2h40m25s)...
2026-03-10 23:08:16 [INFO]    [FAIL] Sem capacidade (InternalError: 500). Aguardando 60s...
2026-03-10 23:09:10 [INFO] 📡 Tentativa #162 (rodando há 2h56m36s)...
2026-03-10 23:09:11 [INFO]    ❌ Sem capacidade (InternalError: 500). Aguardando 60s...
2026-03-10 23:09:16 [INFO] [TRY] Tentativa #153 (rodando ha 2h41m26s)...
2026-03-10 23:09:17 [WARNING] [RATE-LIMIT] Rate limit atingido! Esperando 120s...
2026-03-10 23:10:11 [INFO] 📡 Tentativa #163 (rodando há 2h57m37s)...
2026-03-10 23:10:13 [INFO]    ❌ Sem capacidade (InternalError: 500). Aguardando 60s...
2026-03-10 23:10:17 [INFO]    [FAIL] Sem capacidade (TooManyRequests: 429). Aguardando 60s...
2026-03-10 23:11:13 [INFO] 📡 Tentativa #164 (rodando há 2h58m38s)...
2026-03-10 23:11:14 [INFO]    ❌ Sem capacidade (InternalError: 500). Aguardando 60s...
2026-03-10 23:11:17 [INFO] [TRY] Tentativa #154 (rodando ha 2h43m26s)...
2026-03-10 23:11:18 [INFO]    [FAIL] Sem capacidade (InternalError: 500). Aguardando 60s...
2026-03-10 23:12:14 [INFO] 📡 Tentativa #165 (rodando há 2h59m40s)...
2026-03-10 23:12:15 [INFO]    ❌ Sem capacidade (InternalError: 500). Aguardando 60s...
2026-03-10 23:12:18 [INFO] [TRY] Tentativa #155 (rodando ha 2h44m28s)...
2026-03-10 23:12:19 [INFO]    [FAIL] Sem capacidade (InternalError: 500). Aguardando 60s...
2026-03-10 23:13:15 [INFO] 📡 Tentativa #166 (rodando há 3h00m41s)...
2026-03-10 23:13:17 [INFO]    ❌ Sem capacidade (InternalError: 500). Aguardando 60s...
2026-03-10 23:13:19 [INFO] [TRY] Tentativa #156 (rodando ha 2h45m29s)...
2026-03-10 23:13:20 [INFO]    [FAIL] Sem capacidade (InternalError: 500). Aguardando 60s...
2026-03-10 23:14:17 [INFO] 📡 Tentativa #167 (rodando há 3h01m43s)...
2026-03-10 23:14:18 [INFO]    ❌ Sem capacidade (InternalError: 500). Aguardando 60s...
2026-03-10 23:14:20 [INFO] [TRY] Tentativa #157 (rodando ha 2h46m30s)...
2026-03-10 23:14:21 [INFO]    [FAIL] Sem capacidade (InternalError: 500). Aguardando 60s...
2026-03-10 23:15:18 [INFO] 📡 Tentativa #168 (rodando há 3h02m44s)...
2026-03-10 23:15:19 [INFO]    ❌ Sem capacidade (InternalError: 500). Aguardando 60s...
2026-03-10 23:15:21 [INFO] [TRY] Tentativa #158 (rodando ha 2h47m31s)...
2026-03-10 23:15:23 [INFO]    [FAIL] Sem capacidade (InternalError: 500). Aguardando 60s...
2026-03-10 23:16:19 [INFO] 📡 Tentativa #169 (rodando há 3h03m45s)...
2026-03-10 23:16:20 [INFO]    ❌ Sem capacidade (InternalError: 500). Aguardando 60s...
2026-03-10 23:16:23 [INFO] [TRY] Tentativa #159 (rodando ha 2h48m32s)...
2026-03-10 23:16:24 [INFO]    [FAIL] Sem capacidade (InternalError: 500). Aguardando 60s...
2026-03-10 23:17:20 [INFO] 📡 Tentativa #170 (rodando há 3h04m46s)...
2026-03-10 23:17:21 [INFO]    ❌ Sem capacidade (InternalError: 500). Aguardando 60s...
2026-03-10 23:17:24 [INFO] [TRY] Tentativa #160 (rodando ha 2h49m33s)...
2026-03-10 23:17:25 [INFO]    [FAIL] Sem capacidade (InternalError: 500). Aguardando 60s...
2026-03-10 23:18:21 [INFO] 📡 Tentativa #171 (rodando há 3h05m47s)...
2026-03-10 23:18:22 [INFO]    ❌ Sem capacidade (InternalError: 500). Aguardando 60s...
2026-03-10 23:18:25 [INFO] [TRY] Tentativa #161 (rodando ha 2h50m35s)...
2026-03-10 23:18:25 [WARNING] [RATE-LIMIT] Rate limit atingido! Esperando 120s...
2026-03-10 23:19:22 [INFO] 📡 Tentativa #172 (rodando há 3h06m48s)...
2026-03-10 23:19:24 [INFO]    ❌ Sem capacidade (InternalError: 500). Aguardando 60s...
2026-03-10 23:19:25 [INFO]    [FAIL] Sem capacidade (TooManyRequests: 429). Aguardando 60s...
2026-03-10 23:20:24 [INFO] 📡 Tentativa #173 (rodando há 3h07m49s)...
2026-03-10 23:20:25 [INFO]    ❌ Sem capacidade (InternalError: 500). Aguardando 60s...
2026-03-10 23:20:25 [INFO] [TRY] Tentativa #162 (rodando ha 2h52m35s)...
2026-03-10 23:20:26 [INFO]    [FAIL] Sem capacidade (InternalError: 500). Aguardando 60s...
2026-03-10 23:21:25 [INFO] 📡 Tentativa #174 (rodando há 3h08m50s)...
2026-03-10 23:21:26 [INFO]    ❌ Sem capacidade (InternalError: 500). Aguardando 60s...
2026-03-10 23:21:26 [INFO] [TRY] Tentativa #163 (rodando ha 2h53m36s)...
2026-03-10 23:21:27 [INFO]    [FAIL] Sem capacidade (InternalError: 500). Aguardando 60s...
2026-03-10 23:22:26 [INFO] 📡 Tentativa #175 (rodando há 3h09m52s)...
2026-03-10 23:22:27 [INFO]    ❌ Sem capacidade (InternalError: 500). Aguardando 60s...
2026-03-10 23:22:27 [INFO] [TRY] Tentativa #164 (rodando ha 2h54m37s)...
2026-03-10 23:22:29 [INFO]    [FAIL] Sem capacidade (InternalError: 500). Aguardando 60s...
2026-03-10 23:23:27 [INFO] 📡 Tentativa #176 (rodando há 3h10m53s)...
2026-03-10 23:23:28 [INFO]    ❌ Sem capacidade (InternalError: 500). Aguardando 60s...
2026-03-10 23:23:29 [INFO] [TRY] Tentativa #165 (rodando ha 2h55m38s)...
2026-03-10 23:23:30 [INFO]    [FAIL] Sem capacidade (InternalError: 500). Aguardando 60s...
2026-03-10 23:24:28 [INFO] 📡 Tentativa #177 (rodando há 3h11m54s)...
2026-03-10 23:24:29 [INFO]    ❌ Sem capacidade (InternalError: 500). Aguardando 60s...
2026-03-10 23:24:30 [INFO] [TRY] Tentativa #166 (rodando ha 2h56m40s)...
2026-03-10 23:24:31 [INFO]    [FAIL] Sem capacidade (InternalError: 500). Aguardando 60s...
2026-03-10 23:25:29 [INFO] 📡 Tentativa #178 (rodando há 3h12m55s)...
2026-03-10 23:25:31 [INFO]    ❌ Sem capacidade (InternalError: 500). Aguardando 60s...
2026-03-10 23:25:31 [INFO] [TRY] Tentativa #167 (rodando ha 2h57m41s)...
2026-03-10 23:25:31 [WARNING] [RATE-LIMIT] Rate limit atingido! Esperando 120s...
2026-03-10 23:26:31 [INFO] 📡 Tentativa #179 (rodando há 3h13m57s)...
2026-03-10 23:26:31 [INFO]    [FAIL] Sem capacidade (TooManyRequests: 429). Aguardando 60s...
2026-03-10 23:26:32 [INFO]    ❌ Sem capacidade (InternalError: 500). Aguardando 60s...
2026-03-10 23:27:31 [INFO] [TRY] Tentativa #168 (rodando ha 2h59m41s)...
2026-03-10 23:27:32 [INFO] 📡 Tentativa #180 (rodando há 3h14m58s)...
2026-03-10 23:27:32 [INFO]    [FAIL] Sem capacidade (InternalError: 500). Aguardando 60s...
2026-03-10 23:27:33 [INFO]    ❌ Sem capacidade (InternalError: 500). Aguardando 60s...
2026-03-10 23:28:32 [INFO] [TRY] Tentativa #169 (rodando ha 3h00m42s)...
2026-03-10 23:28:33 [INFO] 📡 Tentativa #181 (rodando há 3h15m59s)...
2026-03-10 23:28:34 [INFO]    [FAIL] Sem capacidade (InternalError: 500). Aguardando 60s...
2026-03-10 23:28:34 [INFO]    ❌ Sem capacidade (InternalError: 500). Aguardando 60s...
2026-03-10 23:29:34 [INFO] [TRY] Tentativa #170 (rodando ha 3h01m44s)...
2026-03-10 23:29:34 [INFO] 📡 Tentativa #182 (rodando há 3h17m00s)...
2026-03-10 23:29:35 [INFO]    [FAIL] Sem capacidade (InternalError: 500). Aguardando 60s...
2026-03-10 23:29:35 [INFO]    ❌ Sem capacidade (InternalError: 500). Aguardando 60s...
2026-03-10 23:30:35 [INFO] [TRY] Tentativa #171 (rodando ha 3h02m45s)...
2026-03-10 23:30:35 [INFO] 📡 Tentativa #183 (rodando há 3h18m01s)...
2026-03-10 23:30:36 [INFO]    [FAIL] Sem capacidade (InternalError: 500). Aguardando 60s...
2026-03-10 23:30:37 [INFO]    ❌ Sem capacidade (InternalError: 500). Aguardando 60s...
2026-03-10 23:31:36 [INFO] [TRY] Tentativa #172 (rodando ha 3h03m46s)...
2026-03-10 23:31:37 [INFO] 📡 Tentativa #184 (rodando há 3h19m02s)...
2026-03-10 23:31:37 [INFO]    [FAIL] Sem capacidade (InternalError: 500). Aguardando 60s...
2026-03-10 23:31:38 [INFO]    ❌ Sem capacidade (InternalError: 500). Aguardando 60s...
2026-03-10 23:32:37 [INFO] [TRY] Tentativa #173 (rodando ha 3h04m47s)...
2026-03-10 23:32:38 [INFO] 📡 Tentativa #185 (rodando há 3h20m04s)...
2026-03-10 23:32:39 [INFO]    [FAIL] Sem capacidade (InternalError: 500). Aguardando 60s...
2026-03-10 23:32:39 [INFO]    ❌ Sem capacidade (InternalError: 500). Aguardando 60s...
2026-03-10 23:33:39 [INFO] [TRY] Tentativa #174 (rodando ha 3h05m48s)...
2026-03-10 23:33:39 [INFO] 📡 Tentativa #186 (rodando há 3h21m05s)...
2026-03-10 23:33:40 [INFO]    [FAIL] Sem capacidade (InternalError: 500). Aguardando 60s...
2026-03-10 23:33:40 [INFO]    ❌ Sem capacidade (InternalError: 500). Aguardando 60s...
2026-03-10 23:34:40 [INFO] [TRY] Tentativa #175 (rodando ha 3h06m50s)...
2026-03-10 23:34:40 [INFO] 📡 Tentativa #187 (rodando há 3h22m06s)...
2026-03-10 23:34:41 [INFO]    [FAIL] Sem capacidade (InternalError: 500). Aguardando 60s...
2026-03-10 23:34:41 [INFO]    ❌ Sem capacidade (InternalError: 500). Aguardando 60s...
2026-03-10 23:35:41 [INFO] [TRY] Tentativa #176 (rodando ha 3h07m51s)...
2026-03-10 23:35:41 [INFO] 📡 Tentativa #188 (rodando há 3h23m07s)...
2026-03-10 23:35:42 [INFO]    [FAIL] Sem capacidade (InternalError: 500). Aguardando 60s...
2026-03-10 23:35:42 [INFO]    ❌ Sem capacidade (InternalError: 500). Aguardando 60s...
2026-03-10 23:36:42 [INFO] [TRY] Tentativa #177 (rodando ha 3h08m52s)...
2026-03-10 23:36:42 [INFO] 📡 Tentativa #189 (rodando há 3h24m08s)...
2026-03-10 23:36:44 [INFO]    ❌ Sem capacidade (InternalError: 500). Aguardando 60s...
2026-03-10 23:36:44 [INFO]    [FAIL] Sem capacidade (InternalError: 500). Aguardando 60s...
2026-03-10 23:37:44 [INFO] 📡 Tentativa #190 (rodando há 3h25m09s)...
2026-03-10 23:37:44 [INFO] [TRY] Tentativa #178 (rodando ha 3h09m53s)...
2026-03-10 23:37:45 [INFO]    [FAIL] Sem capacidade (InternalError: 500). Aguardando 60s...
2026-03-10 23:37:45 [INFO]    ❌ Sem capacidade (InternalError: 500). Aguardando 60s...
2026-03-10 23:38:45 [INFO] [TRY] Tentativa #179 (rodando ha 3h10m54s)...
2026-03-10 23:38:45 [INFO] 📡 Tentativa #191 (rodando há 3h26m11s)...
2026-03-10 23:38:46 [INFO]    [FAIL] Sem capacidade (InternalError: 500). Aguardando 60s...
2026-03-10 23:38:46 [INFO]    ❌ Sem capacidade (InternalError: 500). Aguardando 60s...
2026-03-10 23:39:46 [INFO] [TRY] Tentativa #180 (rodando ha 3h11m56s)...
2026-03-10 23:39:46 [INFO] 📡 Tentativa #192 (rodando há 3h27m12s)...
2026-03-10 23:39:46 [WARNING] [RATE-LIMIT] Rate limit atingido! Esperando 120s...
2026-03-10 23:39:47 [INFO]    ❌ Sem capacidade (InternalError: 500). Aguardando 60s...
2026-03-10 23:40:46 [INFO]    [FAIL] Sem capacidade (TooManyRequests: 429). Aguardando 60s...
2026-03-10 23:40:47 [INFO] 📡 Tentativa #193 (rodando há 3h28m13s)...
2026-03-10 23:40:49 [INFO]    ❌ Sem capacidade (InternalError: 500). Aguardando 60s...
2026-03-10 23:41:46 [INFO] [TRY] Tentativa #181 (rodando ha 3h13m56s)...
2026-03-10 23:41:48 [INFO]    [FAIL] Sem capacidade (InternalError: 500). Aguardando 60s...
2026-03-10 23:41:49 [INFO] 📡 Tentativa #194 (rodando há 3h29m15s)...
2026-03-10 23:41:50 [INFO]    ❌ Sem capacidade (InternalError: 500). Aguardando 60s...
2026-03-10 23:42:48 [INFO] [TRY] Tentativa #182 (rodando ha 3h14m57s)...
2026-03-10 23:42:49 [INFO]    [FAIL] Sem capacidade (InternalError: 500). Aguardando 60s...
2026-03-10 23:42:50 [INFO] 📡 Tentativa #195 (rodando há 3h30m16s)...
2026-03-10 23:42:51 [INFO]    ❌ Sem capacidade (InternalError: 500). Aguardando 60s...
2026-03-10 23:43:49 [INFO] [TRY] Tentativa #183 (rodando ha 3h15m59s)...
2026-03-10 23:43:50 [INFO]    [FAIL] Sem capacidade (InternalError: 500). Aguardando 60s...
2026-03-10 23:43:51 [INFO] 📡 Tentativa #196 (rodando há 3h31m17s)...
2026-03-10 23:43:52 [INFO]    ❌ Sem capacidade (InternalError: 500). Aguardando 60s...
2026-03-10 23:44:50 [INFO] [TRY] Tentativa #184 (rodando ha 3h17m00s)...
2026-03-10 23:44:51 [INFO]    [FAIL] Sem capacidade (InternalError: 500). Aguardando 60s...
2026-03-10 23:44:52 [INFO] 📡 Tentativa #197 (rodando há 3h32m18s)...
2026-03-10 23:44:54 [INFO]    ❌ Sem capacidade (InternalError: 500). Aguardando 60s...
2026-03-10 23:45:51 [INFO] [TRY] Tentativa #185 (rodando ha 3h18m01s)...
2026-03-10 23:45:52 [INFO]    [FAIL] Sem capacidade (InternalError: 500). Aguardando 60s...
2026-03-10 23:45:54 [INFO] 📡 Tentativa #198 (rodando há 3h33m19s)...
2026-03-10 23:45:55 [INFO]    ❌ Sem capacidade (InternalError: 500). Aguardando 60s...
2026-03-10 23:46:52 [INFO] [TRY] Tentativa #186 (rodando ha 3h19m02s)...
2026-03-10 23:46:53 [INFO]    [FAIL] Sem capacidade (InternalError: 500). Aguardando 60s...
2026-03-10 23:46:55 [INFO] 📡 Tentativa #199 (rodando há 3h34m21s)...
2026-03-10 23:46:56 [INFO]    ❌ Sem capacidade (InternalError: 500). Aguardando 60s...
2026-03-10 23:47:53 [INFO] [TRY] Tentativa #187 (rodando ha 3h20m03s)...
2026-03-10 23:47:55 [INFO]    [FAIL] Sem capacidade (InternalError: 500). Aguardando 60s...
2026-03-10 23:47:56 [INFO] 📡 Tentativa #200 (rodando há 3h35m22s)...
2026-03-10 23:47:56 [WARNING] ⚠️  Rate limit atingido! Esperando 120s...
2026-03-10 23:48:55 [INFO] [TRY] Tentativa #188 (rodando ha 3h21m04s)...
2026-03-10 23:48:56 [INFO]    [FAIL] Sem capacidade (InternalError: 500). Aguardando 60s...
2026-03-10 23:48:56 [INFO]    ❌ Sem capacidade (TooManyRequests: 429). Aguardando 60s...
2026-03-10 23:49:56 [INFO] [TRY] Tentativa #189 (rodando ha 3h22m06s)...
2026-03-10 23:49:56 [INFO] 📡 Tentativa #201 (rodando há 3h37m22s)...
2026-03-10 23:49:57 [INFO]    [FAIL] Sem capacidade (InternalError: 500). Aguardando 60s...
2026-03-10 23:49:57 [INFO]    ❌ Sem capacidade (InternalError: 500). Aguardando 60s...
2026-03-10 23:50:57 [INFO] [TRY] Tentativa #190 (rodando ha 3h23m07s)...
2026-03-10 23:50:57 [INFO] 📡 Tentativa #202 (rodando há 3h38m23s)...
2026-03-10 23:50:58 [INFO]    [FAIL] Sem capacidade (InternalError: 500). Aguardando 60s...
2026-03-10 23:50:58 [INFO]    ❌ Sem capacidade (InternalError: 500). Aguardando 60s...
2026-03-10 23:51:58 [INFO] [TRY] Tentativa #191 (rodando ha 3h24m08s)...
2026-03-10 23:51:58 [INFO] 📡 Tentativa #203 (rodando há 3h39m24s)...
2026-03-10 23:51:59 [INFO]    [FAIL] Sem capacidade (InternalError: 500). Aguardando 60s...
2026-03-10 23:52:00 [INFO]    ❌ Sem capacidade (InternalError: 500). Aguardando 60s...
2026-03-10 23:52:59 [INFO] [TRY] Tentativa #192 (rodando ha 3h25m09s)...
2026-03-10 23:53:00 [INFO] 📡 Tentativa #204 (rodando há 3h40m26s)...
2026-03-10 23:53:01 [INFO]    [FAIL] Sem capacidade (InternalError: 500). Aguardando 60s...
2026-03-10 23:53:01 [INFO]    ❌ Sem capacidade (InternalError: 500). Aguardando 60s...
2026-03-10 23:54:01 [INFO] [TRY] Tentativa #193 (rodando ha 3h26m10s)...
2026-03-10 23:54:01 [INFO] 📡 Tentativa #205 (rodando há 3h41m27s)...
2026-03-10 23:54:02 [INFO]    [FAIL] Sem capacidade (InternalError: 500). Aguardando 60s...
2026-03-10 23:54:02 [INFO]    ❌ Sem capacidade (InternalError: 500). Aguardando 60s...
2026-03-10 23:55:02 [INFO] [TRY] Tentativa #194 (rodando ha 3h27m11s)...
2026-03-10 23:55:02 [INFO] 📡 Tentativa #206 (rodando há 3h42m28s)...
2026-03-10 23:55:03 [WARNING] ⚠️  Rate limit atingido! Esperando 120s...
2026-03-10 23:55:03 [INFO]    [FAIL] Sem capacidade (InternalError: 500). Aguardando 60s...
2026-03-10 23:56:03 [INFO]    ❌ Sem capacidade (TooManyRequests: 429). Aguardando 60s...
2026-03-10 23:56:03 [INFO] [TRY] Tentativa #195 (rodando ha 3h28m12s)...
2026-03-10 23:56:04 [INFO]    [FAIL] Sem capacidade (InternalError: 500). Aguardando 60s...
2026-03-10 23:57:03 [INFO] 📡 Tentativa #207 (rodando há 3h44m28s)...
2026-03-10 23:57:04 [INFO]    ❌ Sem capacidade (InternalError: 500). Aguardando 60s...
2026-03-10 23:57:04 [INFO] [TRY] Tentativa #196 (rodando ha 3h29m13s)...
2026-03-10 23:57:05 [INFO]    [FAIL] Sem capacidade (InternalError: 500). Aguardando 60s...
2026-03-10 23:58:04 [INFO] 📡 Tentativa #208 (rodando há 3h45m30s)...
2026-03-10 23:58:05 [INFO] [TRY] Tentativa #197 (rodando ha 3h30m15s)...
2026-03-10 23:58:05 [INFO]    ❌ Sem capacidade (InternalError: 500). Aguardando 60s...
2026-03-10 23:58:07 [INFO]    [FAIL] Sem capacidade (InternalError: 500). Aguardando 60s...
2026-03-10 23:59:05 [INFO] 📡 Tentativa #209 (rodando há 3h46m31s)...
2026-03-10 23:59:06 [INFO]    ❌ Sem capacidade (InternalError: 500). Aguardando 60s...
2026-03-10 23:59:07 [INFO] [TRY] Tentativa #198 (rodando ha 3h31m16s)...
2026-03-10 23:59:08 [INFO]    [FAIL] Sem capacidade (InternalError: 500). Aguardando 60s...
2026-03-11 00:00:06 [INFO] 📡 Tentativa #210 (rodando há 3h47m32s)...
2026-03-11 00:00:08 [INFO]    ❌ Sem capacidade (InternalError: 500). Aguardando 60s...
2026-03-11 00:00:08 [INFO] [TRY] Tentativa #199 (rodando ha 3h32m17s)...
2026-03-11 00:00:09 [INFO]    [FAIL] Sem capacidade (InternalError: 500). Aguardando 60s...
2026-03-11 00:01:08 [INFO] 📡 Tentativa #211 (rodando há 3h48m33s)...
2026-03-11 00:01:09 [INFO]    ❌ Sem capacidade (InternalError: 500). Aguardando 60s...
2026-03-11 00:01:09 [INFO] [TRY] Tentativa #200 (rodando ha 3h33m19s)...
2026-03-11 00:01:09 [WARNING] [RATE-LIMIT] Rate limit atingido! Esperando 120s...
2026-03-11 00:02:09 [INFO] 📡 Tentativa #212 (rodando há 3h49m35s)...
2026-03-11 00:02:09 [INFO]    [FAIL] Sem capacidade (TooManyRequests: 429). Aguardando 60s...
2026-03-11 00:02:10 [INFO]    ❌ Sem capacidade (InternalError: 500). Aguardando 60s...
2026-03-11 00:03:09 [INFO] [TRY] Tentativa #201 (rodando ha 3h35m19s)...
2026-03-11 00:03:10 [INFO] 📡 Tentativa #213 (rodando há 3h50m36s)...
2026-03-11 00:03:11 [INFO]    [FAIL] Sem capacidade (InternalError: 500). Aguardando 60s...
2026-03-11 00:03:11 [INFO]    ❌ Sem capacidade (InternalError: 500). Aguardando 60s...
2026-03-11 00:04:11 [INFO] [TRY] Tentativa #202 (rodando ha 3h36m20s)...
2026-03-11 00:04:11 [INFO] 📡 Tentativa #214 (rodando há 3h51m37s)...
2026-03-11 00:04:12 [INFO]    [FAIL] Sem capacidade (InternalError: 500). Aguardando 60s...
2026-03-11 00:04:13 [INFO]    ❌ Sem capacidade (InternalError: 500). Aguardando 60s...
2026-03-11 00:05:12 [INFO] [TRY] Tentativa #203 (rodando ha 3h37m22s)...
2026-03-11 00:05:13 [INFO] 📡 Tentativa #215 (rodando há 3h52m38s)...
2026-03-11 00:05:13 [INFO]    [FAIL] Sem capacidade (InternalError: 500). Aguardando 60s...
2026-03-11 00:05:14 [INFO]    ❌ Sem capacidade (InternalError: 500). Aguardando 60s...
2026-03-11 00:06:13 [INFO] [TRY] Tentativa #204 (rodando ha 3h38m23s)...
2026-03-11 00:06:14 [INFO] 📡 Tentativa #216 (rodando há 3h53m40s)...
2026-03-11 00:06:14 [INFO]    [FAIL] Sem capacidade (InternalError: 500). Aguardando 60s...
2026-03-11 00:06:15 [INFO]    ❌ Sem capacidade (InternalError: 500). Aguardando 60s...
2026-03-11 00:07:14 [INFO] [TRY] Tentativa #205 (rodando ha 3h39m24s)...
2026-03-11 00:07:15 [INFO] 📡 Tentativa #217 (rodando há 3h54m41s)...
2026-03-11 00:07:16 [INFO]    [FAIL] Sem capacidade (InternalError: 500). Aguardando 60s...
2026-03-11 00:07:16 [INFO]    ❌ Sem capacidade (InternalError: 500). Aguardando 60s...
2026-03-11 00:08:16 [INFO] [TRY] Tentativa #206 (rodando ha 3h40m25s)...
2026-03-11 00:08:16 [INFO] 📡 Tentativa #218 (rodando há 3h55m42s)...
2026-03-11 00:08:17 [INFO]    [FAIL] Sem capacidade (InternalError: 500). Aguardando 60s...
2026-03-11 00:08:17 [INFO]    ❌ Sem capacidade (InternalError: 500). Aguardando 60s...
2026-03-11 00:09:17 [INFO] [TRY] Tentativa #207 (rodando ha 3h41m27s)...
2026-03-11 00:09:17 [INFO] 📡 Tentativa #219 (rodando há 3h56m43s)...
2026-03-11 00:09:18 [INFO]    [FAIL] Sem capacidade (InternalError: 500). Aguardando 60s...
2026-03-11 00:09:19 [INFO]    ❌ Sem capacidade (InternalError: 500). Aguardando 60s...
2026-03-11 00:10:18 [INFO] [TRY] Tentativa #208 (rodando ha 3h42m28s)...
2026-03-11 00:10:19 [INFO] 📡 Tentativa #220 (rodando há 3h57m45s)...
2026-03-11 00:10:19 [WARNING] ⚠️  Rate limit atingido! Esperando 120s...
2026-03-11 00:10:19 [INFO]    [FAIL] Sem capacidade (InternalError: 500). Aguardando 60s...
2026-03-11 00:11:19 [INFO]    ❌ Sem capacidade (TooManyRequests: 429). Aguardando 60s...
2026-03-11 00:11:19 [INFO] [TRY] Tentativa #209 (rodando ha 3h43m29s)...
2026-03-11 00:11:20 [INFO]    [FAIL] Sem capacidade (InternalError: 500). Aguardando 60s...
2026-03-11 00:12:19 [INFO] 📡 Tentativa #221 (rodando há 3h59m45s)...
2026-03-11 00:12:20 [INFO] [TRY] Tentativa #210 (rodando ha 3h44m30s)...
2026-03-11 00:12:20 [INFO]    ❌ Sem capacidade (InternalError: 500). Aguardando 60s...
2026-03-11 00:12:22 [INFO]    [FAIL] Sem capacidade (InternalError: 500). Aguardando 60s...
2026-03-11 00:13:20 [INFO] 📡 Tentativa #222 (rodando há 4h00m46s)...
2026-03-11 00:13:22 [INFO]    ❌ Sem capacidade (InternalError: 500). Aguardando 60s...
2026-03-11 00:13:22 [INFO] [TRY] Tentativa #211 (rodando ha 3h45m31s)...
2026-03-11 00:13:23 [INFO]    [FAIL] Sem capacidade (InternalError: 500). Aguardando 60s...
2026-03-11 00:14:22 [INFO] 📡 Tentativa #223 (rodando há 4h01m47s)...
2026-03-11 00:14:22 [WARNING] ⚠️  Rate limit atingido! Esperando 120s...
2026-03-11 00:14:23 [INFO] [TRY] Tentativa #212 (rodando ha 3h46m33s)...
2026-03-11 00:14:24 [INFO]    [FAIL] Sem capacidade (InternalError: 500). Aguardando 60s...
2026-03-11 00:15:22 [INFO]    ❌ Sem capacidade (TooManyRequests: 429). Aguardando 60s...
2026-03-11 00:15:24 [INFO] [TRY] Tentativa #213 (rodando ha 3h47m34s)...
2026-03-11 00:15:25 [INFO]    [FAIL] Sem capacidade (InternalError: 500). Aguardando 60s...
2026-03-11 00:16:22 [INFO] 📡 Tentativa #224 (rodando há 4h03m48s)...
2026-03-11 00:16:23 [INFO]    ❌ Sem capacidade (InternalError: 500). Aguardando 60s...
2026-03-11 00:16:25 [INFO] [TRY] Tentativa #214 (rodando ha 3h48m35s)...
2026-03-11 00:16:26 [INFO]    [FAIL] Sem capacidade (InternalError: 500). Aguardando 60s...
2026-03-11 00:17:23 [INFO] 📡 Tentativa #225 (rodando há 4h04m49s)...
2026-03-11 00:17:24 [INFO]    ❌ Sem capacidade (InternalError: 500). Aguardando 60s...
2026-03-11 00:17:26 [INFO] [TRY] Tentativa #215 (rodando ha 3h49m36s)...
2026-03-11 00:17:27 [WARNING] [RATE-LIMIT] Rate limit atingido! Esperando 120s...
2026-03-11 00:18:24 [INFO] 📡 Tentativa #226 (rodando há 4h05m50s)...
2026-03-11 00:18:26 [INFO]    ❌ Sem capacidade (InternalError: 500). Aguardando 60s...
2026-03-11 00:18:27 [INFO]    [FAIL] Sem capacidade (TooManyRequests: 429). Aguardando 60s...
2026-03-11 00:19:26 [INFO] 📡 Tentativa #227 (rodando há 4h06m51s)...
2026-03-11 00:19:27 [INFO] [TRY] Tentativa #216 (rodando ha 3h51m36s)...
2026-03-11 00:19:27 [INFO]    ❌ Sem capacidade (InternalError: 500). Aguardando 60s...
2026-03-11 00:19:28 [INFO]    [FAIL] Sem capacidade (InternalError: 500). Aguardando 60s...
2026-03-11 00:20:27 [INFO] 📡 Tentativa #228 (rodando há 4h07m53s)...
2026-03-11 00:20:28 [INFO] [TRY] Tentativa #217 (rodando ha 3h52m38s)...
2026-03-11 00:20:28 [INFO]    ❌ Sem capacidade (InternalError: 500). Aguardando 60s...
2026-03-11 00:20:29 [INFO]    [FAIL] Sem capacidade (InternalError: 500). Aguardando 60s...
2026-03-11 00:21:28 [INFO] 📡 Tentativa #229 (rodando há 4h08m54s)...
2026-03-11 00:21:29 [INFO] [TRY] Tentativa #218 (rodando ha 3h53m39s)...
2026-03-11 00:21:29 [INFO]    ❌ Sem capacidade (InternalError: 500). Aguardando 60s...
2026-03-11 00:21:30 [INFO]    [FAIL] Sem capacidade (InternalError: 500). Aguardando 60s...
2026-03-11 00:22:29 [INFO] 📡 Tentativa #230 (rodando há 4h09m55s)...
2026-03-11 00:22:30 [INFO] [TRY] Tentativa #219 (rodando ha 3h54m40s)...
2026-03-11 00:22:31 [INFO]    ❌ Sem capacidade (InternalError: 500). Aguardando 60s...
2026-03-11 00:22:31 [INFO]    [FAIL] Sem capacidade (InternalError: 500). Aguardando 60s...
2026-03-11 00:23:31 [INFO] 📡 Tentativa #231 (rodando há 4h10m56s)...
2026-03-11 00:23:31 [INFO] [TRY] Tentativa #220 (rodando ha 3h55m41s)...
2026-03-11 00:23:32 [INFO]    ❌ Sem capacidade (InternalError: 500). Aguardando 60s...
2026-03-11 00:23:33 [INFO]    [FAIL] Sem capacidade (InternalError: 500). Aguardando 60s...
2026-03-11 00:24:32 [INFO] 📡 Tentativa #232 (rodando há 4h11m57s)...
2026-03-11 00:24:33 [INFO] [TRY] Tentativa #221 (rodando ha 3h56m42s)...
2026-03-11 00:24:33 [INFO]    ❌ Sem capacidade (InternalError: 500). Aguardando 60s...
2026-03-11 00:24:34 [INFO]    [FAIL] Sem capacidade (InternalError: 500). Aguardando 60s...
2026-03-11 00:25:33 [INFO] 📡 Tentativa #233 (rodando há 4h12m59s)...
2026-03-11 00:25:34 [INFO] [TRY] Tentativa #222 (rodando ha 3h57m43s)...
2026-03-11 00:25:34 [INFO]    ❌ Sem capacidade (InternalError: 500). Aguardando 60s...
2026-03-11 00:25:35 [INFO]    [FAIL] Sem capacidade (InternalError: 500). Aguardando 60s...
2026-03-11 00:26:34 [INFO] 📡 Tentativa #234 (rodando há 4h14m00s)...
2026-03-11 00:26:35 [INFO]    ❌ Sem capacidade (InternalError: 500). Aguardando 60s...
2026-03-11 00:26:35 [INFO] [TRY] Tentativa #223 (rodando ha 3h58m45s)...
2026-03-11 00:26:36 [INFO]    [FAIL] Sem capacidade (InternalError: 500). Aguardando 60s...
2026-03-11 00:27:35 [INFO] 📡 Tentativa #235 (rodando há 4h15m01s)...
2026-03-11 00:27:36 [INFO]    ❌ Sem capacidade (InternalError: 500). Aguardando 60s...
2026-03-11 00:27:36 [INFO] [TRY] Tentativa #224 (rodando ha 3h59m46s)...
2026-03-11 00:27:38 [INFO]    [FAIL] Sem capacidade (InternalError: 500). Aguardando 60s...
2026-03-11 00:28:36 [INFO] 📡 Tentativa #236 (rodando há 4h16m02s)...
2026-03-11 00:28:38 [INFO]    ❌ Sem capacidade (InternalError: 500). Aguardando 60s...
2026-03-11 00:28:38 [INFO] [TRY] Tentativa #225 (rodando ha 4h00m48s)...
2026-03-11 00:28:39 [INFO]    [FAIL] Sem capacidade (InternalError: 500). Aguardando 60s...
2026-03-11 00:29:38 [INFO] 📡 Tentativa #237 (rodando há 4h17m03s)...
2026-03-11 00:29:39 [INFO]    ❌ Sem capacidade (InternalError: 500). Aguardando 60s...
2026-03-11 00:29:39 [INFO] [TRY] Tentativa #226 (rodando ha 4h01m49s)...
2026-03-11 00:29:40 [WARNING] [RATE-LIMIT] Rate limit atingido! Esperando 120s...
2026-03-11 00:30:39 [INFO] 📡 Tentativa #238 (rodando há 4h18m05s)...
2026-03-11 00:30:40 [INFO]    [FAIL] Sem capacidade (TooManyRequests: 429). Aguardando 60s...
2026-03-11 00:30:40 [INFO]    ❌ Sem capacidade (InternalError: 500). Aguardando 60s...
2026-03-11 00:31:40 [INFO] [TRY] Tentativa #227 (rodando ha 4h03m49s)...
2026-03-11 00:31:40 [INFO] 📡 Tentativa #239 (rodando há 4h19m06s)...
2026-03-11 00:31:42 [INFO]    [FAIL] Sem capacidade (InternalError: 500). Aguardando 60s...
2026-03-11 00:31:43 [INFO]    ❌ Sem capacidade (InternalError: 500). Aguardando 60s...
2026-03-11 00:32:42 [INFO] [TRY] Tentativa #228 (rodando ha 4h04m51s)...
2026-03-11 00:32:43 [INFO]    [FAIL] Sem capacidade (InternalError: 500). Aguardando 60s...
2026-03-11 00:32:43 [INFO] 📡 Tentativa #240 (rodando há 4h20m09s)...
2026-03-11 00:32:45 [INFO]    ❌ Sem capacidade (InternalError: 500). Aguardando 60s...
2026-03-11 00:33:43 [INFO] [TRY] Tentativa #229 (rodando ha 4h05m52s)...
2026-03-11 00:33:44 [INFO]    [FAIL] Sem capacidade (InternalError: 500). Aguardando 60s...
2026-03-11 00:33:45 [INFO] 📡 Tentativa #241 (rodando há 4h21m10s)...
2026-03-11 00:33:46 [INFO]    ❌ Sem capacidade (InternalError: 500). Aguardando 60s...
2026-03-11 00:34:44 [INFO] [TRY] Tentativa #230 (rodando ha 4h06m53s)...
2026-03-11 00:34:45 [INFO]    [FAIL] Sem capacidade (InternalError: 500). Aguardando 60s...
2026-03-11 00:34:46 [INFO] 📡 Tentativa #242 (rodando há 4h22m11s)...
2026-03-11 00:34:47 [INFO]    ❌ Sem capacidade (InternalError: 500). Aguardando 60s...
2026-03-11 00:35:45 [INFO] [TRY] Tentativa #231 (rodando ha 4h07m55s)...
2026-03-11 00:35:46 [INFO]    [FAIL] Sem capacidade (InternalError: 500). Aguardando 60s...
2026-03-11 00:35:47 [INFO] 📡 Tentativa #243 (rodando há 4h23m13s)...
2026-03-11 00:35:48 [INFO]    ❌ Sem capacidade (InternalError: 500). Aguardando 60s...
2026-03-11 00:36:46 [INFO] [TRY] Tentativa #232 (rodando ha 4h08m56s)...
2026-03-11 00:36:47 [INFO]    [FAIL] Sem capacidade (InternalError: 500). Aguardando 60s...
2026-03-11 00:36:48 [INFO] 📡 Tentativa #244 (rodando há 4h24m14s)...
2026-03-11 00:36:50 [INFO]    ❌ Sem capacidade (InternalError: 500). Aguardando 60s...
2026-03-11 00:37:47 [INFO] [TRY] Tentativa #233 (rodando ha 4h09m57s)...
2026-03-11 00:37:49 [INFO]    [FAIL] Sem capacidade (InternalError: 500). Aguardando 60s...
2026-03-11 00:37:50 [INFO] 📡 Tentativa #245 (rodando há 4h25m15s)...
2026-03-11 00:37:51 [INFO]    ❌ Sem capacidade (InternalError: 500). Aguardando 60s...
2026-03-11 00:38:49 [INFO] [TRY] Tentativa #234 (rodando ha 4h10m58s)...
2026-03-11 00:38:51 [INFO] 📡 Tentativa #246 (rodando há 4h26m16s)...
2026-03-11 00:38:51 [INFO]    [FAIL] Sem capacidade (InternalError: 500). Aguardando 60s...
2026-03-11 00:38:52 [INFO]    ❌ Sem capacidade (InternalError: 500). Aguardando 60s...
2026-03-11 00:39:51 [INFO] [TRY] Tentativa #235 (rodando ha 4h12m01s)...
2026-03-11 00:39:52 [INFO] 📡 Tentativa #247 (rodando há 4h27m18s)...
2026-03-11 00:39:54 [INFO]    [FAIL] Sem capacidade (InternalError: 500). Aguardando 60s...
2026-03-11 00:39:54 [INFO]    ❌ Sem capacidade (InternalError: 500). Aguardando 60s...
2026-03-11 00:40:54 [INFO] [TRY] Tentativa #236 (rodando ha 4h13m04s)...
2026-03-11 00:40:55 [INFO]    ❌ Sem capacidade (InternalError: 500). Aguardando 60s...
2026-03-11 00:40:56 [INFO]    [FAIL] Sem capacidade (InternalError: 500). Aguardando 60s...
2026-03-11 00:41:55 [INFO] 📡 Tentativa #249 (rodando há 4h29m21s)...
2026-03-11 00:41:56 [INFO] [TRY] Tentativa #237 (rodando ha 4h14m05s)...
2026-03-11 00:41:57 [INFO]    ❌ Sem capacidade (InternalError: 500). Aguardando 60s...
2026-03-11 00:41:57 [INFO]    [FAIL] Sem capacidade (InternalError: 500). Aguardando 60s...
2026-03-11 00:42:57 [INFO] 📡 Tentativa #250 (rodando há 4h30m23s)...
2026-03-11 00:42:57 [INFO] [TRY] Tentativa #238 (rodando ha 4h15m07s)...
2026-03-11 00:42:58 [INFO]    [FAIL] Sem capacidade (InternalError: 500). Aguardando 60s...
2026-03-11 00:42:58 [INFO]    ❌ Sem capacidade (InternalError: 500). Aguardando 60s...
2026-03-11 00:43:58 [INFO] [TRY] Tentativa #239 (rodando ha 4h16m08s)...
2026-03-11 00:43:58 [INFO] 📡 Tentativa #251 (rodando há 4h31m24s)...
2026-03-11 00:44:00 [INFO]    [FAIL] Sem capacidade (InternalError: 500). Aguardando 60s...
2026-03-11 00:44:00 [INFO]    ❌ Sem capacidade (InternalError: 500). Aguardando 60s...
2026-03-11 00:45:00 [INFO] [TRY] Tentativa #240 (rodando ha 4h17m09s)...
2026-03-11 00:45:00 [INFO] 📡 Tentativa #252 (rodando há 4h32m26s)...
2026-03-11 00:45:01 [INFO]    [FAIL] Sem capacidade (InternalError: 500). Aguardando 60s...
2026-03-11 00:45:01 [INFO]    ❌ Sem capacidade (InternalError: 500). Aguardando 60s...
2026-03-11 00:46:01 [INFO] [TRY] Tentativa #241 (rodando ha 4h18m11s)...
2026-03-11 00:46:01 [INFO] 📡 Tentativa #253 (rodando há 4h33m27s)...
2026-03-11 00:46:03 [INFO]    [FAIL] Sem capacidade (InternalError: 500). Aguardando 60s...
2026-03-11 00:46:03 [INFO]    ❌ Sem capacidade (InternalError: 500). Aguardando 60s...
2026-03-11 00:47:03 [INFO] [TRY] Tentativa #242 (rodando ha 4h19m12s)...
2026-03-11 00:47:03 [INFO] 📡 Tentativa #254 (rodando há 4h34m29s)...
2026-03-11 00:47:05 [INFO]    [FAIL] Sem capacidade (InternalError: 500). Aguardando 60s...
2026-03-11 00:47:05 [INFO]    ❌ Sem capacidade (InternalError: 500). Aguardando 60s...
2026-03-11 00:48:05 [INFO] [TRY] Tentativa #243 (rodando ha 4h20m14s)...
2026-03-11 00:48:05 [INFO] 📡 Tentativa #255 (rodando há 4h35m31s)...
2026-03-11 00:48:06 [INFO]    [FAIL] Sem capacidade (InternalError: 500). Aguardando 60s...
2026-03-11 00:48:07 [INFO]    ❌ Sem capacidade (InternalError: 500). Aguardando 60s...
2026-03-11 00:49:06 [INFO] [TRY] Tentativa #244 (rodando ha 4h21m16s)...
2026-03-11 00:49:07 [INFO] 📡 Tentativa #256 (rodando há 4h36m33s)...
2026-03-11 00:49:08 [INFO]    [FAIL] Sem capacidade (InternalError: 500). Aguardando 60s...
2026-03-11 00:49:09 [INFO]    ❌ Sem capacidade (InternalError: 500). Aguardando 60s...
2026-03-11 00:50:08 [INFO] [TRY] Tentativa #245 (rodando ha 4h22m18s)...
2026-03-11 00:50:09 [INFO] 📡 Tentativa #257 (rodando há 4h37m35s)...
2026-03-11 00:50:11 [INFO]    [FAIL] Sem capacidade (InternalError: 500). Aguardando 60s...
2026-03-11 00:50:11 [INFO]    ❌ Sem capacidade (InternalError: 500). Aguardando 60s...
2026-03-11 00:51:11 [INFO] [TRY] Tentativa #246 (rodando ha 4h23m21s)...
2026-03-11 00:51:11 [INFO] 📡 Tentativa #258 (rodando há 4h38m37s)...
2026-03-11 00:51:12 [INFO]    [FAIL] Sem capacidade (InternalError: 500). Aguardando 60s...
2026-03-11 00:51:13 [INFO]    ❌ Sem capacidade (InternalError: 500). Aguardando 60s...
2026-03-11 00:52:12 [INFO] [TRY] Tentativa #247 (rodando ha 4h24m22s)...
2026-03-11 00:52:13 [INFO] 📡 Tentativa #259 (rodando há 4h39m38s)...
2026-03-11 00:52:13 [INFO]    [FAIL] Sem capacidade (InternalError: 500). Aguardando 60s...
2026-03-11 00:52:14 [INFO]    ❌ Sem capacidade (InternalError: 500). Aguardando 60s...
2026-03-11 00:53:13 [INFO] [TRY] Tentativa #248 (rodando ha 4h25m23s)...
2026-03-11 00:53:14 [INFO] 📡 Tentativa #260 (rodando há 4h40m40s)...
2026-03-11 00:53:15 [INFO]    [FAIL] Sem capacidade (InternalError: 500). Aguardando 60s...
2026-03-11 00:53:15 [INFO]    ❌ Sem capacidade (InternalError: 500). Aguardando 60s...
2026-03-11 00:54:15 [INFO] [TRY] Tentativa #249 (rodando ha 4h26m24s)...
2026-03-11 00:54:15 [INFO] 📡 Tentativa #261 (rodando há 4h41m41s)...
2026-03-11 00:54:15 [WARNING] [RATE-LIMIT] Rate limit atingido! Esperando 120s...
2026-03-11 00:54:16 [INFO]    ❌ Sem capacidade (InternalError: 500). Aguardando 60s...
2026-03-11 00:55:15 [INFO]    [FAIL] Sem capacidade (TooManyRequests: 429). Aguardando 60s...
2026-03-11 00:55:16 [INFO] 📡 Tentativa #262 (rodando há 4h42m42s)...
2026-03-11 00:55:18 [INFO]    ❌ Sem capacidade (InternalError: 500). Aguardando 60s...
2026-03-11 00:56:15 [INFO] [TRY] Tentativa #250 (rodando ha 4h28m25s)...
2026-03-11 00:56:17 [INFO]    [FAIL] Sem capacidade (InternalError: 500). Aguardando 60s...
2026-03-11 00:56:18 [INFO] 📡 Tentativa #263 (rodando há 4h43m44s)...
2026-03-11 00:56:20 [INFO]    ❌ Sem capacidade (InternalError: 500). Aguardando 60s...
2026-03-11 00:57:17 [INFO] [TRY] Tentativa #251 (rodando ha 4h29m26s)...
2026-03-11 00:57:18 [INFO]    [FAIL] Sem capacidade (InternalError: 500). Aguardando 60s...
2026-03-11 00:57:20 [INFO] 📡 Tentativa #264 (rodando há 4h44m46s)...
2026-03-11 00:57:22 [INFO]    ❌ Sem capacidade (InternalError: 500). Aguardando 60s...
2026-03-11 00:58:18 [INFO] [TRY] Tentativa #252 (rodando ha 4h30m28s)...
2026-03-11 00:58:19 [INFO]    [FAIL] Sem capacidade (InternalError: 500). Aguardando 60s...
2026-03-11 00:58:22 [INFO] 📡 Tentativa #265 (rodando há 4h45m48s)...
2026-03-11 00:58:23 [INFO]    ❌ Sem capacidade (InternalError: 500). Aguardando 60s...
2026-03-11 00:59:19 [INFO] [TRY] Tentativa #253 (rodando ha 4h31m29s)...
2026-03-11 00:59:20 [INFO]    [FAIL] Sem capacidade (InternalError: 500). Aguardando 60s...
2026-03-11 00:59:23 [INFO] 📡 Tentativa #266 (rodando há 4h46m49s)...
2026-03-11 00:59:24 [INFO]    ❌ Sem capacidade (InternalError: 500). Aguardando 60s...
2026-03-11 01:00:20 [INFO] [TRY] Tentativa #254 (rodando ha 4h32m30s)...
2026-03-11 01:00:21 [WARNING] [RATE-LIMIT] Rate limit atingido! Esperando 120s...
2026-03-11 01:00:24 [INFO] 📡 Tentativa #267 (rodando há 4h47m50s)...
2026-03-11 01:00:26 [INFO]    ❌ Sem capacidade (InternalError: 500). Aguardando 60s...
2026-03-11 01:01:21 [INFO]    [FAIL] Sem capacidade (TooManyRequests: 429). Aguardando 60s...
2026-03-11 01:01:26 [INFO] 📡 Tentativa #268 (rodando há 4h48m52s)...
2026-03-11 01:01:27 [INFO]    ❌ Sem capacidade (InternalError: 500). Aguardando 60s...
2026-03-11 01:02:21 [INFO] [TRY] Tentativa #255 (rodando ha 4h34m31s)...
2026-03-11 01:02:22 [WARNING] [RATE-LIMIT] Rate limit atingido! Esperando 120s...
2026-03-11 01:02:27 [INFO] 📡 Tentativa #269 (rodando há 4h49m53s)...
2026-03-11 01:02:29 [INFO]    ❌ Sem capacidade (InternalError: 500). Aguardando 60s...
2026-03-11 01:03:22 [INFO]    [FAIL] Sem capacidade (TooManyRequests: 429). Aguardando 60s...
2026-03-11 01:03:29 [INFO] 📡 Tentativa #270 (rodando há 4h50m55s)...
2026-03-11 01:03:30 [INFO]    ❌ Sem capacidade (InternalError: 500). Aguardando 60s...
2026-03-11 01:04:22 [INFO] [TRY] Tentativa #256 (rodando ha 4h36m31s)...
2026-03-11 01:04:23 [INFO]    [FAIL] Sem capacidade (InternalError: 500). Aguardando 60s...
2026-03-11 01:04:30 [INFO] 📡 Tentativa #271 (rodando há 4h51m56s)...
2026-03-11 01:04:30 [WARNING] ⚠️  Rate limit atingido! Esperando 120s...
2026-03-11 01:05:23 [INFO] [TRY] Tentativa #257 (rodando ha 4h37m33s)...
2026-03-11 01:05:24 [INFO]    [FAIL] Sem capacidade (InternalError: 500). Aguardando 60s...
2026-03-11 01:05:30 [INFO]    ❌ Sem capacidade (TooManyRequests: 429). Aguardando 60s...
2026-03-11 01:06:24 [INFO] [TRY] Tentativa #258 (rodando ha 4h38m34s)...
2026-03-11 01:06:25 [INFO]    [FAIL] Sem capacidade (InternalError: 500). Aguardando 60s...
2026-03-11 01:06:30 [INFO] 📡 Tentativa #272 (rodando há 4h53m56s)...
2026-03-11 01:06:32 [INFO]    ❌ Sem capacidade (InternalError: 500). Aguardando 60s...
2026-03-11 01:07:25 [INFO] [TRY] Tentativa #259 (rodando ha 4h39m35s)...
2026-03-11 01:07:27 [INFO]    [FAIL] Sem capacidade (InternalError: 500). Aguardando 60s...
2026-03-11 01:07:32 [INFO] 📡 Tentativa #273 (rodando há 4h54m58s)...
2026-03-11 01:07:33 [INFO]    ❌ Sem capacidade (InternalError: 500). Aguardando 60s...
2026-03-11 01:08:27 [INFO] [TRY] Tentativa #260 (rodando ha 4h40m36s)...
2026-03-11 01:08:28 [INFO]    [FAIL] Sem capacidade (InternalError: 500). Aguardando 60s...
2026-03-11 01:08:33 [INFO] 📡 Tentativa #274 (rodando há 4h55m59s)...
2026-03-11 01:08:34 [INFO]    ❌ Sem capacidade (InternalError: 500). Aguardando 60s...
2026-03-11 01:09:28 [INFO] [TRY] Tentativa #261 (rodando ha 4h41m38s)...
2026-03-11 01:09:30 [INFO]    [FAIL] Sem capacidade (InternalError: 500). Aguardando 60s...
2026-03-11 01:09:34 [INFO] 📡 Tentativa #275 (rodando há 4h57m00s)...
2026-03-11 01:09:36 [INFO]    ❌ Sem capacidade (InternalError: 500). Aguardando 60s...
2026-03-11 01:10:30 [INFO] [TRY] Tentativa #262 (rodando ha 4h42m39s)...
2026-03-11 01:10:33 [INFO]    [FAIL] Sem capacidade (InternalError: 500). Aguardando 60s...
2026-03-11 01:10:36 [INFO] 📡 Tentativa #276 (rodando há 4h58m02s)...
2026-03-11 01:10:37 [INFO]    ❌ Sem capacidade (InternalError: 500). Aguardando 60s...
2026-03-11 01:11:33 [INFO] [TRY] Tentativa #263 (rodando ha 4h43m43s)...
2026-03-11 01:11:34 [INFO]    [FAIL] Sem capacidade (InternalError: 500). Aguardando 60s...
2026-03-11 01:11:37 [INFO] 📡 Tentativa #277 (rodando há 4h59m03s)...
2026-03-11 01:11:39 [INFO]    ❌ Sem capacidade (InternalError: 500). Aguardando 60s...
2026-03-11 01:12:34 [INFO] [TRY] Tentativa #264 (rodando ha 4h44m44s)...
2026-03-11 01:12:35 [INFO]    [FAIL] Sem capacidade (InternalError: 500). Aguardando 60s...
2026-03-11 01:12:39 [INFO] 📡 Tentativa #278 (rodando há 5h00m05s)...
2026-03-11 01:12:40 [INFO]    ❌ Sem capacidade (InternalError: 500). Aguardando 60s...
2026-03-11 01:13:35 [INFO] [TRY] Tentativa #265 (rodando ha 4h45m45s)...
2026-03-11 01:13:37 [INFO]    [FAIL] Sem capacidade (InternalError: 500). Aguardando 60s...
2026-03-11 01:13:40 [INFO] 📡 Tentativa #279 (rodando há 5h01m06s)...
2026-03-11 01:13:40 [WARNING] ⚠️  Rate limit atingido! Esperando 120s...
2026-03-11 01:14:37 [INFO] [TRY] Tentativa #266 (rodando ha 4h46m46s)...
2026-03-11 01:14:38 [INFO]    [FAIL] Sem capacidade (InternalError: 500). Aguardando 60s...
2026-03-11 01:14:40 [INFO]    ❌ Sem capacidade (TooManyRequests: 429). Aguardando 60s...
2026-03-11 01:15:38 [INFO] [TRY] Tentativa #267 (rodando ha 4h47m48s)...
2026-03-11 01:15:40 [INFO]    [FAIL] Sem capacidade (InternalError: 500). Aguardando 60s...
2026-03-11 01:15:40 [INFO] 📡 Tentativa #280 (rodando há 5h03m06s)...
2026-03-11 01:15:42 [INFO]    ❌ Sem capacidade (InternalError: 500). Aguardando 60s...
2026-03-11 01:16:40 [INFO] [TRY] Tentativa #268 (rodando ha 4h48m49s)...
2026-03-11 01:16:42 [INFO] 📡 Tentativa #281 (rodando há 5h04m08s)...
2026-03-11 01:16:42 [INFO]    [FAIL] Sem capacidade (InternalError: 500). Aguardando 60s...
2026-03-11 01:16:45 [INFO]    ❌ Sem capacidade (InternalError: 500). Aguardando 60s...
2026-03-11 01:17:42 [INFO] [TRY] Tentativa #269 (rodando ha 4h49m52s)...
2026-03-11 01:17:44 [INFO]    [FAIL] Sem capacidade (InternalError: 500). Aguardando 60s...
2026-03-11 01:17:45 [INFO] 📡 Tentativa #282 (rodando há 5h05m10s)...
2026-03-11 01:17:46 [INFO]    ❌ Sem capacidade (InternalError: 500). Aguardando 60s...
2026-03-11 01:18:44 [INFO] [TRY] Tentativa #270 (rodando ha 4h50m54s)...
2026-03-11 01:18:45 [INFO]    [FAIL] Sem capacidade (InternalError: 500). Aguardando 60s...
2026-03-11 01:18:46 [INFO] 📡 Tentativa #283 (rodando há 5h06m12s)...
2026-03-11 01:18:46 [WARNING] ⚠️  Rate limit atingido! Esperando 120s...
2026-03-11 01:19:45 [INFO] [TRY] Tentativa #271 (rodando ha 4h51m55s)...
2026-03-11 01:19:46 [INFO]    ❌ Sem capacidade (TooManyRequests: 429). Aguardando 60s...
2026-03-11 01:19:47 [INFO]    [FAIL] Sem capacidade (InternalError: 500). Aguardando 60s...
2026-03-11 01:20:46 [INFO] 📡 Tentativa #284 (rodando há 5h08m12s)...
2026-03-11 01:20:47 [INFO] [TRY] Tentativa #272 (rodando ha 4h52m57s)...
2026-03-11 01:20:48 [INFO]    ❌ Sem capacidade (InternalError: 500). Aguardando 60s...
2026-03-11 01:20:48 [INFO]    [FAIL] Sem capacidade (InternalError: 500). Aguardando 60s...
2026-03-11 01:21:48 [INFO] 📡 Tentativa #285 (rodando há 5h09m13s)...
2026-03-11 01:21:48 [INFO] [TRY] Tentativa #273 (rodando ha 4h53m58s)...
2026-03-11 01:21:49 [INFO]    ❌ Sem capacidade (InternalError: 500). Aguardando 60s...
2026-03-11 01:21:50 [INFO]    [FAIL] Sem capacidade (InternalError: 500). Aguardando 60s...
2026-03-11 01:22:49 [INFO] 📡 Tentativa #286 (rodando há 5h10m15s)...
2026-03-11 01:22:50 [INFO] [TRY] Tentativa #274 (rodando ha 4h54m59s)...
2026-03-11 01:22:51 [INFO]    ❌ Sem capacidade (InternalError: 500). Aguardando 60s...
2026-03-11 01:22:51 [INFO]    [FAIL] Sem capacidade (InternalError: 500). Aguardando 60s...
2026-03-11 01:23:51 [INFO] 📡 Tentativa #287 (rodando há 5h11m16s)...
2026-03-11 01:23:51 [INFO] [TRY] Tentativa #275 (rodando ha 4h56m01s)...
2026-03-11 01:23:52 [INFO]    ❌ Sem capacidade (InternalError: 500). Aguardando 60s...
2026-03-11 01:23:52 [INFO]    [FAIL] Sem capacidade (InternalError: 500). Aguardando 60s...
2026-03-11 01:24:52 [INFO] 📡 Tentativa #288 (rodando há 5h12m18s)...
2026-03-11 01:24:52 [INFO] [TRY] Tentativa #276 (rodando ha 4h57m02s)...
2026-03-11 01:24:53 [INFO]    ❌ Sem capacidade (InternalError: 500). Aguardando 60s...
2026-03-11 01:24:54 [INFO]    [FAIL] Sem capacidade (InternalError: 500). Aguardando 60s...
2026-03-11 01:25:53 [INFO] 📡 Tentativa #289 (rodando há 5h13m19s)...
2026-03-11 01:25:54 [INFO] [TRY] Tentativa #277 (rodando ha 4h58m03s)...
2026-03-11 01:25:55 [INFO]    ❌ Sem capacidade (InternalError: 500). Aguardando 60s...
2026-03-11 01:25:55 [INFO]    [FAIL] Sem capacidade (InternalError: 500). Aguardando 60s...
2026-03-11 01:26:55 [INFO] 📡 Tentativa #290 (rodando há 5h14m21s)...
2026-03-11 01:26:55 [INFO] [TRY] Tentativa #278 (rodando ha 4h59m05s)...
2026-03-11 01:26:56 [INFO]    ❌ Sem capacidade (InternalError: 500). Aguardando 60s...
2026-03-11 01:26:56 [INFO]    [FAIL] Sem capacidade (InternalError: 500). Aguardando 60s...
2026-03-11 01:27:56 [INFO] 📡 Tentativa #291 (rodando há 5h15m22s)...
2026-03-11 01:27:56 [INFO] [TRY] Tentativa #279 (rodando ha 5h00m06s)...
2026-03-11 01:27:57 [INFO]    ❌ Sem capacidade (InternalError: 500). Aguardando 60s...
2026-03-11 01:27:58 [INFO]    [FAIL] Sem capacidade (InternalError: 500). Aguardando 60s...
2026-03-11 01:28:57 [INFO] 📡 Tentativa #292 (rodando há 5h16m23s)...
2026-03-11 01:28:58 [INFO] [TRY] Tentativa #280 (rodando ha 5h01m08s)...
2026-03-11 01:28:59 [INFO]    ❌ Sem capacidade (InternalError: 500). Aguardando 60s...
2026-03-11 01:29:00 [INFO]    [FAIL] Sem capacidade (InternalError: 500). Aguardando 60s...
2026-03-11 01:29:59 [INFO] 📡 Tentativa #293 (rodando há 5h17m24s)...
2026-03-11 01:30:00 [INFO] [TRY] Tentativa #281 (rodando ha 5h02m10s)...
2026-03-11 01:30:01 [INFO]    ❌ Sem capacidade (InternalError: 500). Aguardando 60s...
2026-03-11 01:30:04 [INFO]    [FAIL] Sem capacidade (InternalError: 500). Aguardando 60s...
2026-03-11 01:31:01 [INFO] 📡 Tentativa #294 (rodando há 5h18m27s)...
2026-03-11 01:31:03 [INFO]    ❌ Sem capacidade (InternalError: 500). Aguardando 60s...
2026-03-11 01:31:04 [INFO] [TRY] Tentativa #282 (rodando ha 5h03m13s)...
2026-03-11 01:31:05 [INFO]    [FAIL] Sem capacidade (InternalError: 500). Aguardando 60s...
2026-03-11 01:32:03 [INFO] 📡 Tentativa #295 (rodando há 5h19m28s)...
2026-03-11 01:32:04 [INFO]    ❌ Sem capacidade (InternalError: 500). Aguardando 60s...
2026-03-11 01:32:05 [INFO] [TRY] Tentativa #283 (rodando ha 5h04m15s)...
2026-03-11 01:32:06 [INFO]    [FAIL] Sem capacidade (InternalError: 500). Aguardando 60s...
2026-03-11 01:33:04 [INFO] 📡 Tentativa #296 (rodando há 5h20m30s)...
2026-03-11 01:33:06 [INFO]    ❌ Sem capacidade (InternalError: 500). Aguardando 60s...
2026-03-11 01:33:06 [INFO] [TRY] Tentativa #284 (rodando ha 5h05m16s)...
2026-03-11 01:33:08 [INFO]    [FAIL] Sem capacidade (InternalError: 500). Aguardando 60s...
2026-03-11 01:34:06 [INFO] 📡 Tentativa #297 (rodando há 5h21m32s)...
2026-03-11 01:34:08 [INFO]    ❌ Sem capacidade (InternalError: 500). Aguardando 60s...
2026-03-11 01:34:08 [INFO] [TRY] Tentativa #285 (rodando ha 5h06m18s)...
2026-03-11 01:34:10 [INFO]    [FAIL] Sem capacidade (InternalError: 500). Aguardando 60s...
2026-03-11 01:35:08 [INFO] 📡 Tentativa #298 (rodando há 5h22m34s)...
2026-03-11 01:35:09 [INFO]    ❌ Sem capacidade (InternalError: 500). Aguardando 60s...
2026-03-11 01:35:10 [INFO] [TRY] Tentativa #286 (rodando ha 5h07m20s)...
2026-03-11 01:35:11 [WARNING] [RATE-LIMIT] Rate limit atingido! Esperando 120s...
2026-03-11 01:36:09 [INFO] 📡 Tentativa #299 (rodando há 5h23m35s)...
2026-03-11 01:36:10 [INFO]    ❌ Sem capacidade (InternalError: 500). Aguardando 60s...
2026-03-11 01:36:11 [INFO]    [FAIL] Sem capacidade (TooManyRequests: 429). Aguardando 60s...
2026-03-11 01:37:10 [INFO] 📡 Tentativa #300 (rodando há 5h24m36s)...
2026-03-11 01:37:11 [INFO] [TRY] Tentativa #287 (rodando ha 5h09m21s)...
2026-03-11 01:37:12 [INFO]    ❌ Sem capacidade (InternalError: 500). Aguardando 60s...
2026-03-11 01:37:12 [INFO]    [FAIL] Sem capacidade (InternalError: 500). Aguardando 60s...
2026-03-11 01:38:12 [INFO] 📡 Tentativa #301 (rodando há 5h25m37s)...
2026-03-11 01:38:12 [INFO] [TRY] Tentativa #288 (rodando ha 5h10m22s)...
2026-03-11 01:38:13 [INFO]    ❌ Sem capacidade (InternalError: 500). Aguardando 60s...
2026-03-11 01:38:13 [INFO]    [FAIL] Sem capacidade (InternalError: 500). Aguardando 60s...
2026-03-11 01:39:13 [INFO] 📡 Tentativa #302 (rodando há 5h26m39s)...
2026-03-11 01:39:13 [INFO] [TRY] Tentativa #289 (rodando ha 5h11m23s)...
2026-03-11 01:39:13 [WARNING] ⚠️  Rate limit atingido! Esperando 120s...
2026-03-11 01:39:14 [INFO]    [FAIL] Sem capacidade (InternalError: 500). Aguardando 60s...
2026-03-11 01:40:13 [INFO]    ❌ Sem capacidade (TooManyRequests: 429). Aguardando 60s...
2026-03-11 01:40:14 [INFO] [TRY] Tentativa #290 (rodando ha 5h12m24s)...
2026-03-11 01:40:15 [INFO]    [FAIL] Sem capacidade (InternalError: 500). Aguardando 60s...
2026-03-11 01:41:13 [INFO] 📡 Tentativa #303 (rodando há 5h28m39s)...
2026-03-11 01:41:14 [INFO]    ❌ Sem capacidade (InternalError: 500). Aguardando 60s...
2026-03-11 01:41:15 [INFO] [TRY] Tentativa #291 (rodando ha 5h13m25s)...
2026-03-11 01:41:17 [INFO]    [FAIL] Sem capacidade (InternalError: 500). Aguardando 60s...
2026-03-11 01:42:14 [INFO] 📡 Tentativa #304 (rodando há 5h29m40s)...
2026-03-11 01:42:15 [INFO]    ❌ Sem capacidade (InternalError: 500). Aguardando 60s...
2026-03-11 01:42:17 [INFO] [TRY] Tentativa #292 (rodando ha 5h14m26s)...
2026-03-11 01:42:18 [INFO]    [FAIL] Sem capacidade (InternalError: 500). Aguardando 60s...
2026-03-11 01:43:15 [INFO] 📡 Tentativa #305 (rodando há 5h30m41s)...
2026-03-11 01:43:16 [INFO]    ❌ Sem capacidade (InternalError: 500). Aguardando 60s...
2026-03-11 01:43:18 [INFO] [TRY] Tentativa #293 (rodando ha 5h15m27s)...
2026-03-11 01:43:19 [INFO]    [FAIL] Sem capacidade (InternalError: 500). Aguardando 60s...
2026-03-11 01:44:16 [INFO] 📡 Tentativa #306 (rodando há 5h31m42s)...
2026-03-11 01:44:18 [INFO]    ❌ Sem capacidade (InternalError: 500). Aguardando 60s...
2026-03-11 01:44:19 [INFO] [TRY] Tentativa #294 (rodando ha 5h16m29s)...
2026-03-11 01:44:20 [INFO]    [FAIL] Sem capacidade (InternalError: 500). Aguardando 60s...
2026-03-11 01:45:18 [INFO] 📡 Tentativa #307 (rodando há 5h32m44s)...
2026-03-11 01:45:19 [INFO]    ❌ Sem capacidade (InternalError: 500). Aguardando 60s...
2026-03-11 01:45:20 [INFO] [TRY] Tentativa #295 (rodando ha 5h17m30s)...
2026-03-11 01:45:21 [WARNING] [RATE-LIMIT] Rate limit atingido! Esperando 120s...
2026-03-11 01:46:19 [INFO] 📡 Tentativa #308 (rodando há 5h33m45s)...
2026-03-11 01:46:20 [INFO]    ❌ Sem capacidade (InternalError: 500). Aguardando 60s...
2026-03-11 01:46:21 [INFO]    [FAIL] Sem capacidade (TooManyRequests: 429). Aguardando 60s...
2026-03-11 01:47:20 [INFO] 📡 Tentativa #309 (rodando há 5h34m46s)...
2026-03-11 01:47:21 [INFO] [TRY] Tentativa #296 (rodando ha 5h19m31s)...
2026-03-11 01:47:21 [INFO]    ❌ Sem capacidade (InternalError: 500). Aguardando 60s...
2026-03-11 01:47:22 [INFO]    [FAIL] Sem capacidade (InternalError: 500). Aguardando 60s...
2026-03-11 01:48:21 [INFO] 📡 Tentativa #310 (rodando há 5h35m47s)...
2026-03-11 01:48:22 [INFO] [TRY] Tentativa #297 (rodando ha 5h20m32s)...
2026-03-11 01:48:22 [INFO]    ❌ Sem capacidade (InternalError: 500). Aguardando 60s...
2026-03-11 01:48:23 [INFO]    [FAIL] Sem capacidade (InternalError: 500). Aguardando 60s...
2026-03-11 01:49:22 [INFO] 📡 Tentativa #311 (rodando há 5h36m48s)...
2026-03-11 01:49:23 [INFO] [TRY] Tentativa #298 (rodando ha 5h21m33s)...
2026-03-11 01:49:24 [INFO]    ❌ Sem capacidade (InternalError: 500). Aguardando 60s...
2026-03-11 01:49:25 [INFO]    [FAIL] Sem capacidade (InternalError: 500). Aguardando 60s...
2026-03-11 01:50:24 [INFO] 📡 Tentativa #312 (rodando há 5h37m49s)...
2026-03-11 01:50:25 [INFO] [TRY] Tentativa #299 (rodando ha 5h22m34s)...
2026-03-11 01:50:27 [INFO]    [FAIL] Sem capacidade (InternalError: 500). Aguardando 60s...
2026-03-11 01:50:30 [INFO]    ❌ Sem capacidade (InternalError: 500). Aguardando 60s...
2026-03-11 01:51:27 [INFO] [TRY] Tentativa #300 (rodando ha 5h23m36s)...
2026-03-11 01:51:30 [INFO] 📡 Tentativa #313 (rodando há 5h38m56s)...
2026-03-11 01:51:32 [INFO]    [FAIL] Sem capacidade (InternalError: 500). Aguardando 60s...
2026-03-11 01:51:34 [INFO]    ❌ Sem capacidade (InternalError: 500). Aguardando 60s...
2026-03-11 01:52:32 [INFO] [TRY] Tentativa #301 (rodando ha 5h24m41s)...
2026-03-11 01:52:33 [INFO]    [FAIL] Sem capacidade (InternalError: 500). Aguardando 60s...
2026-03-11 01:52:34 [INFO] 📡 Tentativa #314 (rodando há 5h40m00s)...
2026-03-11 01:52:35 [INFO]    ❌ Sem capacidade (InternalError: 500). Aguardando 60s...
2026-03-11 01:53:33 [INFO] [TRY] Tentativa #302 (rodando ha 5h25m43s)...
2026-03-11 01:53:34 [INFO]    [FAIL] Sem capacidade (InternalError: 500). Aguardando 60s...
2026-03-11 01:53:35 [INFO] 📡 Tentativa #315 (rodando há 5h41m01s)...
2026-03-11 01:53:36 [INFO]    ❌ Sem capacidade (InternalError: 500). Aguardando 60s...
2026-03-11 01:54:34 [INFO] [TRY] Tentativa #303 (rodando ha 5h26m44s)...
2026-03-11 01:54:35 [INFO]    [FAIL] Sem capacidade (InternalError: 500). Aguardando 60s...
2026-03-11 01:54:36 [INFO] 📡 Tentativa #316 (rodando há 5h42m02s)...
2026-03-11 01:54:37 [INFO]    ❌ Sem capacidade (InternalError: 500). Aguardando 60s...
2026-03-11 01:55:35 [INFO] [TRY] Tentativa #304 (rodando ha 5h27m45s)...
2026-03-11 01:55:37 [INFO]    [FAIL] Sem capacidade (InternalError: 500). Aguardando 60s...
2026-03-11 01:55:37 [INFO] 📡 Tentativa #317 (rodando há 5h43m03s)...
2026-03-11 01:55:38 [INFO]    ❌ Sem capacidade (InternalError: 500). Aguardando 60s...
2026-03-11 01:56:37 [INFO] [TRY] Tentativa #305 (rodando ha 5h28m47s)...
2026-03-11 01:56:38 [INFO] 📡 Tentativa #318 (rodando há 5h44m04s)...
2026-03-11 01:56:38 [INFO]    [FAIL] Sem capacidade (InternalError: 500). Aguardando 60s...
2026-03-11 01:56:40 [INFO]    ❌ Sem capacidade (InternalError: 500). Aguardando 60s...
2026-03-11 01:57:38 [INFO] [TRY] Tentativa #306 (rodando ha 5h29m48s)...
2026-03-11 01:57:40 [INFO] 📡 Tentativa #319 (rodando há 5h45m06s)...
2026-03-11 01:57:40 [INFO]    [FAIL] Sem capacidade (InternalError: 500). Aguardando 60s...
2026-03-11 01:57:41 [INFO]    ❌ Sem capacidade (InternalError: 500). Aguardando 60s...
2026-03-11 01:58:40 [INFO] [TRY] Tentativa #307 (rodando ha 5h30m50s)...
2026-03-11 01:58:41 [INFO] 📡 Tentativa #320 (rodando há 5h46m07s)...
2026-03-11 01:58:41 [INFO]    [FAIL] Sem capacidade (InternalError: 500). Aguardando 60s...
2026-03-11 01:58:42 [INFO]    ❌ Sem capacidade (InternalError: 500). Aguardando 60s...
2026-03-11 01:59:41 [INFO] [TRY] Tentativa #308 (rodando ha 5h31m51s)...
2026-03-11 01:59:42 [INFO] 📡 Tentativa #321 (rodando há 5h47m08s)...
2026-03-11 01:59:42 [INFO]    [FAIL] Sem capacidade (InternalError: 500). Aguardando 60s...
2026-03-11 01:59:44 [INFO]    ❌ Sem capacidade (InternalError: 500). Aguardando 60s...
2026-03-11 02:00:42 [INFO] [TRY] Tentativa #309 (rodando ha 5h32m52s)...
2026-03-11 02:00:43 [INFO]    [FAIL] Sem capacidade (InternalError: 500). Aguardando 60s...
2026-03-11 02:00:44 [INFO] 📡 Tentativa #322 (rodando há 5h48m10s)...
2026-03-11 02:00:46 [INFO]    ❌ Sem capacidade (InternalError: 500). Aguardando 60s...
2026-03-11 02:01:43 [INFO] [TRY] Tentativa #310 (rodando ha 5h33m53s)...
2026-03-11 02:01:45 [INFO]    [FAIL] Sem capacidade (InternalError: 500). Aguardando 60s...
2026-03-11 02:01:46 [INFO] 📡 Tentativa #323 (rodando há 5h49m12s)...
2026-03-11 02:01:48 [INFO]    ❌ Sem capacidade (InternalError: 500). Aguardando 60s...
2026-03-11 02:02:45 [INFO] [TRY] Tentativa #311 (rodando ha 5h34m55s)...
2026-03-11 02:02:46 [INFO]    [FAIL] Sem capacidade (InternalError: 500). Aguardando 60s...
2026-03-11 02:02:48 [INFO] 📡 Tentativa #324 (rodando há 5h50m13s)...
2026-03-11 02:02:49 [INFO]    ❌ Sem capacidade (InternalError: 500). Aguardando 60s...
2026-03-11 02:03:46 [INFO] [TRY] Tentativa #312 (rodando ha 5h35m56s)...
2026-03-11 02:03:48 [INFO]    [FAIL] Sem capacidade (InternalError: 500). Aguardando 60s...
2026-03-11 02:03:49 [INFO] 📡 Tentativa #325 (rodando há 5h51m15s)...
2026-03-11 02:03:50 [INFO]    ❌ Sem capacidade (InternalError: 500). Aguardando 60s...
2026-03-11 02:04:48 [INFO] [TRY] Tentativa #313 (rodando ha 5h36m58s)...
2026-03-11 02:04:49 [INFO]    [FAIL] Sem capacidade (InternalError: 500). Aguardando 60s...
2026-03-11 02:04:50 [INFO] 📡 Tentativa #326 (rodando há 5h52m16s)...
2026-03-11 02:04:52 [INFO]    ❌ Sem capacidade (InternalError: 500). Aguardando 60s...
2026-03-11 02:05:49 [INFO] [TRY] Tentativa #314 (rodando ha 5h37m59s)...
2026-03-11 02:05:51 [INFO]    [FAIL] Sem capacidade (InternalError: 500). Aguardando 60s...
2026-03-11 02:05:52 [INFO] 📡 Tentativa #327 (rodando há 5h53m18s)...
2026-03-11 02:05:53 [INFO]    ❌ Sem capacidade (InternalError: 500). Aguardando 60s...
2026-03-11 02:06:51 [INFO] [TRY] Tentativa #315 (rodando ha 5h39m00s)...
2026-03-11 02:06:52 [INFO]    [FAIL] Sem capacidade (InternalError: 500). Aguardando 60s...
2026-03-11 02:06:53 [INFO] 📡 Tentativa #328 (rodando há 5h54m19s)...
2026-03-11 02:06:55 [INFO]    ❌ Sem capacidade (InternalError: 500). Aguardando 60s...
2026-03-11 02:07:52 [INFO] [TRY] Tentativa #316 (rodando ha 5h40m02s)...
2026-03-11 02:07:53 [INFO]    [FAIL] Sem capacidade (InternalError: 500). Aguardando 60s...
2026-03-11 02:07:55 [INFO] 📡 Tentativa #329 (rodando há 5h55m20s)...
2026-03-11 02:07:56 [INFO]    ❌ Sem capacidade (InternalError: 500). Aguardando 60s...
2026-03-11 02:08:53 [INFO] [TRY] Tentativa #317 (rodando ha 5h41m03s)...
2026-03-11 02:08:54 [INFO]    [FAIL] Sem capacidade (InternalError: 500). Aguardando 60s...
2026-03-11 02:08:56 [INFO] 📡 Tentativa #330 (rodando há 5h56m22s)...
2026-03-11 02:08:57 [INFO]    ❌ Sem capacidade (InternalError: 500). Aguardando 60s...
2026-03-11 02:09:54 [INFO] [TRY] Tentativa #318 (rodando ha 5h42m04s)...
2026-03-11 02:09:56 [INFO]    [FAIL] Sem capacidade (InternalError: 500). Aguardando 60s...
2026-03-11 02:09:57 [INFO] 📡 Tentativa #331 (rodando há 5h57m23s)...
2026-03-11 02:09:58 [WARNING] ⚠️  Rate limit atingido! Esperando 120s...
2026-03-11 02:10:56 [INFO] [TRY] Tentativa #319 (rodando ha 5h43m05s)...
2026-03-11 02:10:57 [INFO]    [FAIL] Sem capacidade (InternalError: 500). Aguardando 60s...
2026-03-11 02:10:58 [INFO]    ❌ Sem capacidade (TooManyRequests: 429). Aguardando 60s...
2026-03-11 02:11:57 [INFO] [TRY] Tentativa #320 (rodando ha 5h44m07s)...
2026-03-11 02:11:58 [INFO] 📡 Tentativa #332 (rodando há 5h59m24s)...
2026-03-11 02:11:58 [INFO]    [FAIL] Sem capacidade (InternalError: 500). Aguardando 60s...
2026-03-11 02:11:59 [INFO]    ❌ Sem capacidade (InternalError: 500). Aguardando 60s...
2026-03-11 02:12:58 [INFO] [TRY] Tentativa #321 (rodando ha 5h45m08s)...
2026-03-11 02:12:59 [INFO] 📡 Tentativa #333 (rodando há 6h00m25s)...
2026-03-11 02:12:59 [INFO]    [FAIL] Sem capacidade (InternalError: 500). Aguardando 60s...
2026-03-11 02:13:00 [INFO]    ❌ Sem capacidade (InternalError: 500). Aguardando 60s...
2026-03-11 02:13:59 [INFO] [TRY] Tentativa #322 (rodando ha 5h46m09s)...
2026-03-11 02:14:00 [INFO] 📡 Tentativa #334 (rodando há 6h01m26s)...
2026-03-11 02:14:00 [INFO]    [FAIL] Sem capacidade (InternalError: 500). Aguardando 60s...
2026-03-11 02:14:01 [INFO]    ❌ Sem capacidade (InternalError: 500). Aguardando 60s...
2026-03-11 02:15:00 [INFO] [TRY] Tentativa #323 (rodando ha 5h47m10s)...
2026-03-11 02:15:01 [INFO] 📡 Tentativa #335 (rodando há 6h02m27s)...
2026-03-11 02:15:02 [INFO]    [FAIL] Sem capacidade (InternalError: 500). Aguardando 60s...
2026-03-11 02:15:02 [INFO]    ❌ Sem capacidade (InternalError: 500). Aguardando 60s...
2026-03-11 02:16:02 [INFO] [TRY] Tentativa #324 (rodando ha 5h48m11s)...
2026-03-11 02:16:02 [INFO] 📡 Tentativa #336 (rodando há 6h03m28s)...
2026-03-11 02:16:03 [INFO]    [FAIL] Sem capacidade (InternalError: 500). Aguardando 60s...
2026-03-11 02:16:04 [INFO]    ❌ Sem capacidade (InternalError: 500). Aguardando 60s...
2026-03-11 02:17:03 [INFO] [TRY] Tentativa #325 (rodando ha 5h49m12s)...
2026-03-11 02:17:04 [INFO] 📡 Tentativa #337 (rodando há 6h04m30s)...
2026-03-11 02:17:04 [INFO]    [FAIL] Sem capacidade (InternalError: 500). Aguardando 60s...
2026-03-11 02:17:05 [INFO]    ❌ Sem capacidade (InternalError: 500). Aguardando 60s...
2026-03-11 02:18:04 [INFO] [TRY] Tentativa #326 (rodando ha 5h50m14s)...
2026-03-11 02:18:06 [INFO] 📡 Tentativa #338 (rodando há 6h05m31s)...
2026-03-11 02:18:09 [INFO]    [FAIL] Sem capacidade (InternalError: 500). Aguardando 60s...
2026-03-11 02:18:10 [INFO]    ❌ Sem capacidade (InternalError: 500). Aguardando 60s...
2026-03-11 02:19:09 [INFO] [TRY] Tentativa #327 (rodando ha 5h51m19s)...
2026-03-11 02:19:10 [INFO] 📡 Tentativa #339 (rodando há 6h06m36s)...
2026-03-11 02:19:12 [INFO]    [FAIL] Sem capacidade (InternalError: 500). Aguardando 60s...
2026-03-11 02:19:12 [INFO]    ❌ Sem capacidade (InternalError: 500). Aguardando 60s...
2026-03-11 02:20:12 [INFO] [TRY] Tentativa #328 (rodando ha 5h52m21s)...
2026-03-11 02:20:12 [INFO] 📡 Tentativa #340 (rodando há 6h07m38s)...
2026-03-11 02:20:13 [INFO]    [FAIL] Sem capacidade (InternalError: 500). Aguardando 60s...
2026-03-11 02:20:13 [INFO]    ❌ Sem capacidade (InternalError: 500). Aguardando 60s...
2026-03-11 02:21:13 [INFO] [TRY] Tentativa #329 (rodando ha 5h53m23s)...
2026-03-11 02:21:13 [INFO] 📡 Tentativa #341 (rodando há 6h08m39s)...
2026-03-11 02:21:14 [INFO]    [FAIL] Sem capacidade (InternalError: 500). Aguardando 60s...
2026-03-11 02:21:14 [INFO]    ❌ Sem capacidade (InternalError: 500). Aguardando 60s...
2026-03-11 02:22:14 [INFO] [TRY] Tentativa #330 (rodando ha 5h54m24s)...
2026-03-11 02:22:14 [INFO] 📡 Tentativa #342 (rodando há 6h09m40s)...
2026-03-11 02:22:15 [INFO]    [FAIL] Sem capacidade (InternalError: 500). Aguardando 60s...
2026-03-11 02:22:16 [INFO]    ❌ Sem capacidade (InternalError: 500). Aguardando 60s...
2026-03-11 02:23:15 [INFO] [TRY] Tentativa #331 (rodando ha 5h55m25s)...
2026-03-11 02:23:16 [INFO] 📡 Tentativa #343 (rodando há 6h10m42s)...
2026-03-11 02:23:17 [INFO]    [FAIL] Sem capacidade (InternalError: 500). Aguardando 60s...
2026-03-11 02:23:17 [INFO]    ❌ Sem capacidade (InternalError: 500). Aguardando 60s...
2026-03-11 02:24:17 [INFO] [TRY] Tentativa #332 (rodando ha 5h56m26s)...
2026-03-11 02:24:17 [WARNING] [RATE-LIMIT] Rate limit atingido! Esperando 120s...
2026-03-11 02:24:17 [INFO] 📡 Tentativa #344 (rodando há 6h11m43s)...
2026-03-11 02:24:19 [INFO]    ❌ Sem capacidade (InternalError: 500). Aguardando 60s...
2026-03-11 02:25:17 [INFO]    [FAIL] Sem capacidade (TooManyRequests: 429). Aguardando 60s...
2026-03-11 02:25:19 [INFO] 📡 Tentativa #345 (rodando há 6h12m45s)...
2026-03-11 02:25:20 [INFO]    ❌ Sem capacidade (InternalError: 500). Aguardando 60s...
2026-03-11 02:26:17 [INFO] [TRY] Tentativa #333 (rodando ha 5h58m27s)...
2026-03-11 02:26:18 [INFO]    [FAIL] Sem capacidade (InternalError: 500). Aguardando 60s...
2026-03-11 02:26:20 [INFO] 📡 Tentativa #346 (rodando há 6h13m46s)...
2026-03-11 02:26:21 [INFO]    ❌ Sem capacidade (InternalError: 500). Aguardando 60s...
2026-03-11 02:27:18 [INFO] [TRY] Tentativa #334 (rodando ha 5h59m28s)...
2026-03-11 02:27:20 [INFO]    [FAIL] Sem capacidade (InternalError: 500). Aguardando 60s...
2026-03-11 02:27:21 [INFO] 📡 Tentativa #347 (rodando há 6h14m47s)...
2026-03-11 02:27:22 [INFO]    ❌ Sem capacidade (InternalError: 500). Aguardando 60s...
2026-03-11 02:28:20 [INFO] [TRY] Tentativa #335 (rodando ha 6h00m30s)...
2026-03-11 02:28:21 [INFO]    [FAIL] Sem capacidade (InternalError: 500). Aguardando 60s...
2026-03-11 02:28:22 [INFO] 📡 Tentativa #348 (rodando há 6h15m48s)...
2026-03-11 02:28:23 [INFO]    ❌ Sem capacidade (InternalError: 500). Aguardando 60s...
2026-03-11 02:29:21 [INFO] [TRY] Tentativa #336 (rodando ha 6h01m31s)...
2026-03-11 02:29:22 [INFO]    [FAIL] Sem capacidade (InternalError: 500). Aguardando 60s...
2026-03-11 02:29:23 [INFO] 📡 Tentativa #349 (rodando há 6h16m49s)...
2026-03-11 02:29:25 [INFO]    ❌ Sem capacidade (InternalError: 500). Aguardando 60s...
2026-03-11 02:30:22 [INFO] [TRY] Tentativa #337 (rodando ha 6h02m32s)...
2026-03-11 02:30:24 [INFO]    [FAIL] Sem capacidade (InternalError: 500). Aguardando 60s...
2026-03-11 02:30:25 [INFO] 📡 Tentativa #350 (rodando há 6h17m50s)...
2026-03-11 02:30:26 [INFO]    ❌ Sem capacidade (InternalError: 500). Aguardando 60s...
2026-03-11 02:31:24 [INFO] [TRY] Tentativa #338 (rodando ha 6h03m33s)...
2026-03-11 02:31:25 [INFO]    [FAIL] Sem capacidade (InternalError: 500). Aguardando 60s...
2026-03-11 02:31:26 [INFO] 📡 Tentativa #351 (rodando há 6h18m52s)...
2026-03-11 02:31:27 [INFO]    ❌ Sem capacidade (InternalError: 500). Aguardando 60s...
2026-03-11 02:32:25 [INFO] [TRY] Tentativa #339 (rodando ha 6h04m35s)...
2026-03-11 02:32:26 [INFO]    [FAIL] Sem capacidade (InternalError: 500). Aguardando 60s...
2026-03-11 02:32:27 [INFO] 📡 Tentativa #352 (rodando há 6h19m53s)...
2026-03-11 02:32:29 [INFO]    ❌ Sem capacidade (InternalError: 500). Aguardando 60s...
2026-03-11 02:33:26 [INFO] [TRY] Tentativa #340 (rodando ha 6h05m36s)...
2026-03-11 02:33:29 [INFO] 📡 Tentativa #353 (rodando há 6h20m54s)...
2026-03-11 02:33:29 [INFO]    [FAIL] Sem capacidade (InternalError: 500). Aguardando 60s...
2026-03-11 02:33:30 [INFO]    ❌ Sem capacidade (InternalError: 500). Aguardando 60s...
2026-03-11 02:34:29 [INFO] [TRY] Tentativa #341 (rodando ha 6h06m39s)...
2026-03-11 02:34:30 [INFO] 📡 Tentativa #354 (rodando há 6h21m56s)...
2026-03-11 02:34:30 [INFO]    [FAIL] Sem capacidade (InternalError: 500). Aguardando 60s...
2026-03-11 02:34:31 [INFO]    ❌ Sem capacidade (InternalError: 500). Aguardando 60s...
2026-03-11 02:35:30 [INFO] [TRY] Tentativa #342 (rodando ha 6h07m40s)...
2026-03-11 02:35:31 [INFO] 📡 Tentativa #355 (rodando há 6h22m57s)...
2026-03-11 02:35:35 [INFO]    [FAIL] Sem capacidade (InternalError: 500). Aguardando 60s...
2026-03-11 02:35:36 [INFO]    ❌ Sem capacidade (InternalError: 500). Aguardando 60s...
2026-03-11 02:36:35 [INFO] [TRY] Tentativa #343 (rodando ha 6h08m45s)...
2026-03-11 02:36:36 [INFO] 📡 Tentativa #356 (rodando há 6h24m01s)...
2026-03-11 02:36:37 [INFO]    [FAIL] Sem capacidade (InternalError: 500). Aguardando 60s...
2026-03-11 02:36:37 [INFO]    ❌ Sem capacidade (InternalError: 500). Aguardando 60s...
2026-03-11 02:37:37 [INFO] [TRY] Tentativa #344 (rodando ha 6h09m47s)...
2026-03-11 02:37:37 [INFO] 📡 Tentativa #357 (rodando há 6h25m03s)...
2026-03-11 02:37:39 [INFO]    ❌ Sem capacidade (InternalError: 500). Aguardando 60s...
2026-03-11 02:37:39 [INFO]    [FAIL] Sem capacidade (InternalError: 500). Aguardando 60s...
2026-03-11 02:38:39 [INFO] 📡 Tentativa #358 (rodando há 6h26m05s)...
2026-03-11 02:38:39 [INFO] [TRY] Tentativa #345 (rodando ha 6h10m49s)...
2026-03-11 02:38:41 [INFO]    ❌ Sem capacidade (InternalError: 500). Aguardando 60s...
2026-03-11 02:38:41 [INFO]    [FAIL] Sem capacidade (InternalError: 500). Aguardando 60s...
2026-03-11 02:39:41 [INFO] 📡 Tentativa #359 (rodando há 6h27m07s)...
2026-03-11 02:39:41 [INFO] [TRY] Tentativa #346 (rodando ha 6h11m51s)...
2026-03-11 02:39:42 [INFO]    ❌ Sem capacidade (InternalError: 500). Aguardando 60s...
2026-03-11 02:39:43 [INFO]    [FAIL] Sem capacidade (InternalError: 500). Aguardando 60s...
2026-03-11 02:40:42 [INFO] 📡 Tentativa #360 (rodando há 6h28m08s)...
2026-03-11 02:40:43 [INFO] [TRY] Tentativa #347 (rodando ha 6h12m52s)...
2026-03-11 02:40:44 [INFO]    [FAIL] Sem capacidade (InternalError: 500). Aguardando 60s...
2026-03-11 02:40:44 [INFO]    ❌ Sem capacidade (InternalError: 500). Aguardando 60s...
2026-03-11 02:41:44 [INFO] [TRY] Tentativa #348 (rodando ha 6h13m54s)...
2026-03-11 02:41:44 [INFO] 📡 Tentativa #361 (rodando há 6h29m10s)...
2026-03-11 02:41:45 [WARNING] ⚠️  Rate limit atingido! Esperando 120s...
2026-03-11 02:41:46 [INFO]    [FAIL] Sem capacidade (InternalError: 500). Aguardando 60s...
2026-03-11 02:42:45 [INFO]    ❌ Sem capacidade (TooManyRequests: 429). Aguardando 60s...
2026-03-11 02:42:46 [INFO] [TRY] Tentativa #349 (rodando ha 6h14m55s)...
2026-03-11 02:42:47 [INFO]    [FAIL] Sem capacidade (InternalError: 500). Aguardando 60s...
2026-03-11 02:43:45 [INFO] 📡 Tentativa #362 (rodando há 6h31m11s)...
2026-03-11 02:43:46 [INFO]    ❌ Sem capacidade (InternalError: 500). Aguardando 60s...
2026-03-11 02:43:47 [INFO] [TRY] Tentativa #350 (rodando ha 6h15m57s)...
2026-03-11 02:43:49 [INFO]    [FAIL] Sem capacidade (InternalError: 500). Aguardando 60s...
2026-03-11 02:44:46 [INFO] 📡 Tentativa #363 (rodando há 6h32m12s)...
2026-03-11 02:44:47 [INFO]    ❌ Sem capacidade (InternalError: 500). Aguardando 60s...
2026-03-11 02:44:49 [INFO] [TRY] Tentativa #351 (rodando ha 6h16m59s)...
2026-03-11 02:44:50 [INFO]    [FAIL] Sem capacidade (InternalError: 500). Aguardando 60s...
2026-03-11 02:45:47 [INFO] 📡 Tentativa #364 (rodando há 6h33m13s)...
2026-03-11 02:45:48 [WARNING] ⚠️  Rate limit atingido! Esperando 120s...
2026-03-11 02:45:50 [INFO] [TRY] Tentativa #352 (rodando ha 6h18m00s)...
2026-03-11 02:45:51 [INFO]    [FAIL] Sem capacidade (InternalError: 500). Aguardando 60s...
2026-03-11 02:46:48 [INFO]    ❌ Sem capacidade (TooManyRequests: 429). Aguardando 60s...
2026-03-11 02:46:51 [INFO] [TRY] Tentativa #353 (rodando ha 6h19m01s)...
2026-03-11 02:46:53 [INFO]    [FAIL] Sem capacidade (InternalError: 500). Aguardando 60s...
2026-03-11 02:47:48 [INFO] 📡 Tentativa #365 (rodando há 6h35m14s)...
2026-03-11 02:47:49 [INFO]    ❌ Sem capacidade (InternalError: 500). Aguardando 60s...
2026-03-11 02:47:53 [INFO] [TRY] Tentativa #354 (rodando ha 6h20m02s)...
2026-03-11 02:47:54 [INFO]    [FAIL] Sem capacidade (InternalError: 500). Aguardando 60s...
2026-03-11 02:48:49 [INFO] 📡 Tentativa #366 (rodando há 6h36m15s)...
2026-03-11 02:48:51 [INFO]    ❌ Sem capacidade (InternalError: 500). Aguardando 60s...
2026-03-11 02:48:54 [INFO] [TRY] Tentativa #355 (rodando ha 6h21m04s)...
2026-03-11 02:48:55 [INFO]    [FAIL] Sem capacidade (InternalError: 500). Aguardando 60s...
2026-03-11 02:49:51 [INFO] 📡 Tentativa #367 (rodando há 6h37m16s)...
2026-03-11 02:49:52 [INFO]    ❌ Sem capacidade (InternalError: 500). Aguardando 60s...
2026-03-11 02:49:55 [INFO] [TRY] Tentativa #356 (rodando ha 6h22m05s)...
2026-03-11 02:49:56 [INFO]    [FAIL] Sem capacidade (InternalError: 500). Aguardando 60s...
2026-03-11 02:50:52 [INFO] 📡 Tentativa #368 (rodando há 6h38m18s)...
2026-03-11 02:50:52 [WARNING] ⚠️  Rate limit atingido! Esperando 120s...
2026-03-11 02:50:56 [INFO] [TRY] Tentativa #357 (rodando ha 6h23m06s)...
2026-03-11 02:50:58 [INFO]    [FAIL] Sem capacidade (InternalError: 500). Aguardando 60s...
2026-03-11 02:51:52 [INFO]    ❌ Sem capacidade (TooManyRequests: 429). Aguardando 60s...
2026-03-11 02:51:58 [INFO] [TRY] Tentativa #358 (rodando ha 6h24m07s)...
2026-03-11 02:51:59 [INFO]    [FAIL] Sem capacidade (InternalError: 500). Aguardando 60s...
2026-03-11 02:52:52 [INFO] 📡 Tentativa #369 (rodando há 6h40m18s)...
2026-03-11 02:52:53 [INFO]    ❌ Sem capacidade (InternalError: 500). Aguardando 60s...
2026-03-11 02:52:59 [INFO] [TRY] Tentativa #359 (rodando ha 6h25m09s)...
2026-03-11 02:53:00 [INFO]    [FAIL] Sem capacidade (InternalError: 500). Aguardando 60s...
2026-03-11 02:53:53 [INFO] 📡 Tentativa #370 (rodando há 6h41m19s)...
2026-03-11 02:53:55 [INFO]    ❌ Sem capacidade (InternalError: 500). Aguardando 60s...
2026-03-11 02:54:00 [INFO] [TRY] Tentativa #360 (rodando ha 6h26m10s)...
2026-03-11 02:54:01 [INFO]    [FAIL] Sem capacidade (InternalError: 500). Aguardando 60s...
2026-03-11 02:54:55 [INFO] 📡 Tentativa #371 (rodando há 6h42m21s)...
2026-03-11 02:54:56 [INFO]    ❌ Sem capacidade (InternalError: 500). Aguardando 60s...
2026-03-11 02:55:01 [INFO] [TRY] Tentativa #361 (rodando ha 6h27m11s)...
2026-03-11 02:55:02 [INFO]    [FAIL] Sem capacidade (InternalError: 500). Aguardando 60s...
2026-03-11 02:55:56 [INFO] 📡 Tentativa #372 (rodando há 6h43m22s)...
2026-03-11 02:55:57 [INFO]    ❌ Sem capacidade (InternalError: 500). Aguardando 60s...
2026-03-11 02:56:02 [INFO] [TRY] Tentativa #362 (rodando ha 6h28m12s)...
2026-03-11 02:56:04 [INFO]    [FAIL] Sem capacidade (InternalError: 500). Aguardando 60s...
2026-03-11 02:56:57 [INFO] 📡 Tentativa #373 (rodando há 6h44m23s)...
2026-03-11 02:56:58 [INFO]    ❌ Sem capacidade (InternalError: 500). Aguardando 60s...
2026-03-11 02:57:04 [INFO] [TRY] Tentativa #363 (rodando ha 6h29m13s)...
2026-03-11 02:57:05 [INFO]    [FAIL] Sem capacidade (InternalError: 500). Aguardando 60s...
2026-03-11 02:57:58 [INFO] 📡 Tentativa #374 (rodando há 6h45m24s)...
2026-03-11 02:57:59 [INFO]    ❌ Sem capacidade (InternalError: 500). Aguardando 60s...
2026-03-11 02:58:05 [INFO] [TRY] Tentativa #364 (rodando ha 6h30m14s)...
2026-03-11 02:58:06 [INFO]    [FAIL] Sem capacidade (InternalError: 500). Aguardando 60s...
2026-03-11 02:58:59 [INFO] 📡 Tentativa #375 (rodando há 6h46m25s)...
2026-03-11 02:59:00 [WARNING] ⚠️  Rate limit atingido! Esperando 120s...
2026-03-11 02:59:06 [INFO] [TRY] Tentativa #365 (rodando ha 6h31m16s)...
2026-03-11 02:59:07 [INFO]    [FAIL] Sem capacidade (InternalError: 500). Aguardando 60s...
2026-03-11 03:00:00 [INFO]    ❌ Sem capacidade (TooManyRequests: 429). Aguardando 60s...
2026-03-11 03:00:07 [INFO] [TRY] Tentativa #366 (rodando ha 6h32m17s)...
2026-03-11 03:00:12 [INFO]    [FAIL] Sem capacidade (InternalError: 500). Aguardando 60s...
2026-03-11 03:01:00 [INFO] 📡 Tentativa #376 (rodando há 6h48m26s)...
2026-03-11 03:01:06 [INFO]    ❌ Sem capacidade (InternalError: 500). Aguardando 60s...
2026-03-11 03:01:12 [INFO] [TRY] Tentativa #367 (rodando ha 6h33m22s)...
2026-03-11 03:01:18 [INFO]    [FAIL] Sem capacidade (InternalError: 500). Aguardando 60s...
2026-03-11 03:02:06 [INFO] 📡 Tentativa #377 (rodando há 6h49m31s)...
2026-03-11 03:02:08 [INFO]    ❌ Sem capacidade (InternalError: 500). Aguardando 60s...
2026-03-11 03:02:18 [INFO] [TRY] Tentativa #368 (rodando ha 6h34m27s)...
2026-03-11 03:02:19 [INFO]    [FAIL] Sem capacidade (InternalError: 500). Aguardando 60s...
2026-03-11 03:03:08 [INFO] 📡 Tentativa #378 (rodando há 6h50m34s)...
2026-03-11 03:03:10 [INFO]    ❌ Sem capacidade (InternalError: 500). Aguardando 60s...
2026-03-11 03:03:19 [INFO] [TRY] Tentativa #369 (rodando ha 6h35m29s)...
2026-03-11 03:03:20 [WARNING] [RATE-LIMIT] Rate limit atingido! Esperando 120s...
2026-03-11 03:04:10 [INFO] 📡 Tentativa #379 (rodando há 6h51m36s)...
2026-03-11 03:04:11 [WARNING] ⚠️  Rate limit atingido! Esperando 120s...
2026-03-11 03:04:20 [INFO]    [FAIL] Sem capacidade (TooManyRequests: 429). Aguardando 60s...
2026-03-11 03:05:11 [INFO]    ❌ Sem capacidade (TooManyRequests: 429). Aguardando 60s...
2026-03-11 03:05:20 [INFO] [TRY] Tentativa #370 (rodando ha 6h37m29s)...
2026-03-11 03:05:21 [INFO]    [FAIL] Sem capacidade (InternalError: 500). Aguardando 60s...
2026-03-11 03:06:11 [INFO] 📡 Tentativa #380 (rodando há 6h53m37s)...
2026-03-11 03:06:13 [INFO]    ❌ Sem capacidade (InternalError: 500). Aguardando 60s...
2026-03-11 03:06:21 [INFO] [TRY] Tentativa #371 (rodando ha 6h38m31s)...
2026-03-11 03:06:22 [INFO]    [FAIL] Sem capacidade (InternalError: 500). Aguardando 60s...
2026-03-11 03:07:13 [INFO] 📡 Tentativa #381 (rodando há 6h54m38s)...
2026-03-11 03:07:14 [INFO]    ❌ Sem capacidade (InternalError: 500). Aguardando 60s...
2026-03-11 03:07:22 [INFO] [TRY] Tentativa #372 (rodando ha 6h39m32s)...
2026-03-11 03:07:24 [INFO]    [FAIL] Sem capacidade (InternalError: 500). Aguardando 60s...
2026-03-11 03:08:14 [INFO] 📡 Tentativa #382 (rodando há 6h55m40s)...
2026-03-11 03:08:15 [INFO]    ❌ Sem capacidade (InternalError: 500). Aguardando 60s...
2026-03-11 03:08:24 [INFO] [TRY] Tentativa #373 (rodando ha 6h40m33s)...
2026-03-11 03:08:25 [INFO]    [FAIL] Sem capacidade (InternalError: 500). Aguardando 60s...
2026-03-11 03:09:15 [INFO] 📡 Tentativa #383 (rodando há 6h56m41s)...
2026-03-11 03:09:16 [INFO]    ❌ Sem capacidade (InternalError: 500). Aguardando 60s...
2026-03-11 03:09:25 [INFO] [TRY] Tentativa #374 (rodando ha 6h41m35s)...
2026-03-11 03:09:28 [INFO]    [FAIL] Sem capacidade (InternalError: 500). Aguardando 60s...
2026-03-11 03:10:16 [INFO] 📡 Tentativa #384 (rodando há 6h57m42s)...
2026-03-11 03:10:17 [WARNING] ⚠️  Rate limit atingido! Esperando 120s...
2026-03-11 03:10:28 [INFO] [TRY] Tentativa #375 (rodando ha 6h42m38s)...
2026-03-11 03:10:30 [INFO]    [FAIL] Sem capacidade (InternalError: 500). Aguardando 60s...
2026-03-11 03:11:17 [INFO]    ❌ Sem capacidade (TooManyRequests: 429). Aguardando 60s...
2026-03-11 03:11:30 [INFO] [TRY] Tentativa #376 (rodando ha 6h43m40s)...
2026-03-11 03:11:31 [INFO]    [FAIL] Sem capacidade (InternalError: 500). Aguardando 60s...
2026-03-11 03:12:17 [INFO] 📡 Tentativa #385 (rodando há 6h59m43s)...
2026-03-11 03:12:18 [INFO]    ❌ Sem capacidade (InternalError: 500). Aguardando 60s...
2026-03-11 03:12:31 [INFO] [TRY] Tentativa #377 (rodando ha 6h44m41s)...
2026-03-11 03:12:32 [INFO]    [FAIL] Sem capacidade (InternalError: 500). Aguardando 60s...
2026-03-11 03:13:18 [INFO] 📡 Tentativa #386 (rodando há 7h00m44s)...
2026-03-11 03:13:20 [INFO]    ❌ Sem capacidade (InternalError: 500). Aguardando 60s...
2026-03-11 03:13:32 [INFO] [TRY] Tentativa #378 (rodando ha 6h45m42s)...
2026-03-11 03:13:34 [INFO]    [FAIL] Sem capacidade (InternalError: 500). Aguardando 60s...
2026-03-11 03:14:20 [INFO] 📡 Tentativa #387 (rodando há 7h01m45s)...
2026-03-11 03:14:21 [INFO]    ❌ Sem capacidade (InternalError: 500). Aguardando 60s...
2026-03-11 03:14:34 [INFO] [TRY] Tentativa #379 (rodando ha 6h46m43s)...
2026-03-11 03:14:35 [INFO]    [FAIL] Sem capacidade (InternalError: 500). Aguardando 60s...
2026-03-11 03:15:21 [INFO] 📡 Tentativa #388 (rodando há 7h02m47s)...
2026-03-11 03:15:22 [INFO]    ❌ Sem capacidade (InternalError: 500). Aguardando 60s...
2026-03-11 03:15:35 [INFO] [TRY] Tentativa #380 (rodando ha 6h47m45s)...
2026-03-11 03:15:36 [INFO]    [FAIL] Sem capacidade (InternalError: 500). Aguardando 60s...
2026-03-11 03:16:22 [INFO] 📡 Tentativa #389 (rodando há 7h03m48s)...
2026-03-11 03:16:24 [INFO]    ❌ Sem capacidade (InternalError: 500). Aguardando 60s...
2026-03-11 03:16:36 [INFO] [TRY] Tentativa #381 (rodando ha 6h48m46s)...
2026-03-11 03:16:38 [INFO]    [FAIL] Sem capacidade (InternalError: 500). Aguardando 60s...
2026-03-11 03:17:24 [INFO] 📡 Tentativa #390 (rodando há 7h04m50s)...
2026-03-11 03:17:25 [INFO]    ❌ Sem capacidade (InternalError: 500). Aguardando 60s...
2026-03-11 03:17:38 [INFO] [TRY] Tentativa #382 (rodando ha 6h49m47s)...
2026-03-11 03:17:39 [INFO]    [FAIL] Sem capacidade (InternalError: 500). Aguardando 60s...
2026-03-11 03:18:25 [INFO] 📡 Tentativa #391 (rodando há 7h05m51s)...
2026-03-11 03:18:27 [WARNING] ⚠️  Rate limit atingido! Esperando 120s...
2026-03-11 03:18:39 [INFO] [TRY] Tentativa #383 (rodando ha 6h50m49s)...
2026-03-11 03:18:40 [INFO]    [FAIL] Sem capacidade (InternalError: 500). Aguardando 60s...
2026-03-11 03:19:27 [INFO]    ❌ Sem capacidade (TooManyRequests: 429). Aguardando 60s...
2026-03-11 03:19:40 [INFO] [TRY] Tentativa #384 (rodando ha 6h51m50s)...
2026-03-11 03:19:42 [INFO]    [FAIL] Sem capacidade (InternalError: 500). Aguardando 60s...
2026-03-11 03:20:27 [INFO] 📡 Tentativa #392 (rodando há 7h07m53s)...
2026-03-11 03:20:29 [INFO]    ❌ Sem capacidade (InternalError: 500). Aguardando 60s...
2026-03-11 03:20:42 [INFO] [TRY] Tentativa #385 (rodando ha 6h52m51s)...
2026-03-11 03:20:43 [INFO]    [FAIL] Sem capacidade (InternalError: 500). Aguardando 60s...
2026-03-11 03:21:29 [INFO] 📡 Tentativa #393 (rodando há 7h08m54s)...
2026-03-11 03:21:30 [INFO]    ❌ Sem capacidade (InternalError: 500). Aguardando 60s...
2026-03-11 03:21:43 [INFO] [TRY] Tentativa #386 (rodando ha 6h53m53s)...
2026-03-11 03:21:44 [INFO]    [FAIL] Sem capacidade (InternalError: 500). Aguardando 60s...
2026-03-11 03:22:30 [INFO] 📡 Tentativa #394 (rodando há 7h09m56s)...
2026-03-11 03:22:31 [INFO]    ❌ Sem capacidade (InternalError: 500). Aguardando 60s...
2026-03-11 03:22:44 [INFO] [TRY] Tentativa #387 (rodando ha 6h54m54s)...
2026-03-11 03:22:45 [INFO]    [FAIL] Sem capacidade (InternalError: 500). Aguardando 60s...
2026-03-11 03:23:31 [INFO] 📡 Tentativa #395 (rodando há 7h10m57s)...
2026-03-11 03:23:32 [INFO]    ❌ Sem capacidade (InternalError: 500). Aguardando 60s...
2026-03-11 03:23:45 [INFO] [TRY] Tentativa #388 (rodando ha 6h55m55s)...
2026-03-11 03:23:46 [WARNING] [RATE-LIMIT] Rate limit atingido! Esperando 120s...
2026-03-11 03:24:32 [INFO] 📡 Tentativa #396 (rodando há 7h11m58s)...
2026-03-11 03:24:34 [INFO]    ❌ Sem capacidade (InternalError: 500). Aguardando 60s...
2026-03-11 03:24:46 [INFO]    [FAIL] Sem capacidade (TooManyRequests: 429). Aguardando 60s...
2026-03-11 03:25:34 [INFO] 📡 Tentativa #397 (rodando há 7h13m00s)...
2026-03-11 03:25:35 [INFO]    ❌ Sem capacidade (InternalError: 500). Aguardando 60s...
2026-03-11 03:25:46 [INFO] [TRY] Tentativa #389 (rodando ha 6h57m55s)...
2026-03-11 03:25:47 [INFO]    [FAIL] Sem capacidade (InternalError: 500). Aguardando 60s...
2026-03-11 03:26:35 [INFO] 📡 Tentativa #398 (rodando há 7h14m01s)...
2026-03-11 03:26:37 [INFO]    ❌ Sem capacidade (InternalError: 500). Aguardando 60s...
2026-03-11 03:26:47 [INFO] [TRY] Tentativa #390 (rodando ha 6h58m56s)...
2026-03-11 03:26:48 [INFO]    [FAIL] Sem capacidade (InternalError: 500). Aguardando 60s...
2026-03-11 03:27:37 [INFO] 📡 Tentativa #399 (rodando há 7h15m03s)...
2026-03-11 03:27:38 [INFO]    ❌ Sem capacidade (InternalError: 500). Aguardando 60s...
2026-03-11 03:27:48 [INFO] [TRY] Tentativa #391 (rodando ha 6h59m57s)...
2026-03-11 03:27:49 [INFO]    [FAIL] Sem capacidade (InternalError: 500). Aguardando 60s...
2026-03-11 03:28:38 [INFO] 📡 Tentativa #400 (rodando há 7h16m04s)...
2026-03-11 03:28:39 [INFO]    ❌ Sem capacidade (InternalError: 500). Aguardando 60s...
2026-03-11 03:28:49 [INFO] [TRY] Tentativa #392 (rodando ha 7h00m59s)...
2026-03-11 03:28:50 [INFO]    [FAIL] Sem capacidade (InternalError: 500). Aguardando 60s...
2026-03-11 03:29:39 [INFO] 📡 Tentativa #401 (rodando há 7h17m05s)...
2026-03-11 03:29:40 [INFO]    ❌ Sem capacidade (InternalError: 500). Aguardando 60s...
2026-03-11 03:29:50 [INFO] [TRY] Tentativa #393 (rodando ha 7h02m00s)...
2026-03-11 03:29:51 [INFO]    [FAIL] Sem capacidade (InternalError: 500). Aguardando 60s...
2026-03-11 03:30:40 [INFO] 📡 Tentativa #402 (rodando há 7h18m06s)...
2026-03-11 03:30:42 [INFO]    ❌ Sem capacidade (InternalError: 500). Aguardando 60s...
2026-03-11 03:30:51 [INFO] [TRY] Tentativa #394 (rodando ha 7h03m01s)...
2026-03-11 03:30:52 [INFO]    [FAIL] Sem capacidade (InternalError: 500). Aguardando 60s...
2026-03-11 03:31:42 [INFO] 📡 Tentativa #403 (rodando há 7h19m07s)...
2026-03-11 03:31:43 [INFO]    ❌ Sem capacidade (InternalError: 500). Aguardando 60s...
2026-03-11 03:31:52 [INFO] [TRY] Tentativa #395 (rodando ha 7h04m02s)...
2026-03-11 03:31:54 [INFO]    [FAIL] Sem capacidade (InternalError: 500). Aguardando 60s...
2026-03-11 03:32:43 [INFO] 📡 Tentativa #404 (rodando há 7h20m09s)...
2026-03-11 03:32:44 [INFO]    ❌ Sem capacidade (InternalError: 500). Aguardando 60s...
2026-03-11 03:32:54 [INFO] [TRY] Tentativa #396 (rodando ha 7h05m03s)...
2026-03-11 03:32:55 [INFO]    [FAIL] Sem capacidade (InternalError: 500). Aguardando 60s...
2026-03-11 03:33:44 [INFO] 📡 Tentativa #405 (rodando há 7h21m10s)...
2026-03-11 03:33:45 [INFO]    ❌ Sem capacidade (InternalError: 500). Aguardando 60s...
2026-03-11 03:33:55 [INFO] [TRY] Tentativa #397 (rodando ha 7h06m05s)...
2026-03-11 03:33:56 [INFO]    [FAIL] Sem capacidade (InternalError: 500). Aguardando 60s...
2026-03-11 03:34:45 [INFO] 📡 Tentativa #406 (rodando há 7h22m11s)...
2026-03-11 03:34:46 [INFO]    ❌ Sem capacidade (InternalError: 500). Aguardando 60s...
2026-03-11 03:34:56 [INFO] [TRY] Tentativa #398 (rodando ha 7h07m06s)...
2026-03-11 03:34:57 [INFO]    [FAIL] Sem capacidade (InternalError: 500). Aguardando 60s...
2026-03-11 03:35:46 [INFO] 📡 Tentativa #407 (rodando há 7h23m12s)...
2026-03-11 03:35:47 [INFO]    ❌ Sem capacidade (InternalError: 500). Aguardando 60s...
2026-03-11 03:35:57 [INFO] [TRY] Tentativa #399 (rodando ha 7h08m07s)...
2026-03-11 03:35:58 [INFO]    [FAIL] Sem capacidade (InternalError: 500). Aguardando 60s...
2026-03-11 03:36:47 [INFO] 📡 Tentativa #408 (rodando há 7h24m13s)...
2026-03-11 03:36:49 [INFO]    ❌ Sem capacidade (InternalError: 500). Aguardando 60s...
2026-03-11 03:36:58 [INFO] [TRY] Tentativa #400 (rodando ha 7h09m08s)...
2026-03-11 03:37:00 [INFO]    [FAIL] Sem capacidade (InternalError: 500). Aguardando 60s...
2026-03-11 03:37:49 [INFO] 📡 Tentativa #409 (rodando há 7h25m14s)...
2026-03-11 03:37:50 [INFO]    ❌ Sem capacidade (InternalError: 500). Aguardando 60s...
2026-03-11 03:38:00 [INFO] [TRY] Tentativa #401 (rodando ha 7h10m09s)...
2026-03-11 03:38:01 [INFO]    [FAIL] Sem capacidade (InternalError: 500). Aguardando 60s...
2026-03-11 03:38:50 [INFO] 📡 Tentativa #410 (rodando há 7h26m15s)...
2026-03-11 03:38:51 [INFO]    ❌ Sem capacidade (InternalError: 500). Aguardando 60s...
2026-03-11 03:39:01 [INFO] [TRY] Tentativa #402 (rodando ha 7h11m11s)...
2026-03-11 03:39:02 [INFO]    [FAIL] Sem capacidade (InternalError: 500). Aguardando 60s...
2026-03-11 03:39:51 [INFO] 📡 Tentativa #411 (rodando há 7h27m17s)...
2026-03-11 03:39:52 [INFO]    ❌ Sem capacidade (InternalError: 500). Aguardando 60s...
2026-03-11 03:40:02 [INFO] [TRY] Tentativa #403 (rodando ha 7h12m12s)...
2026-03-11 03:40:03 [INFO]    [FAIL] Sem capacidade (InternalError: 500). Aguardando 60s...
2026-03-11 03:40:52 [INFO] 📡 Tentativa #412 (rodando há 7h28m18s)...
2026-03-11 03:40:53 [INFO]    ❌ Sem capacidade (InternalError: 500). Aguardando 60s...
2026-03-11 03:41:03 [INFO] [TRY] Tentativa #404 (rodando ha 7h13m13s)...
2026-03-11 03:41:04 [INFO]    [FAIL] Sem capacidade (InternalError: 500). Aguardando 60s...
2026-03-11 03:41:53 [INFO] 📡 Tentativa #413 (rodando há 7h29m19s)...
2026-03-11 03:41:54 [INFO]    ❌ Sem capacidade (InternalError: 500). Aguardando 60s...
2026-03-11 03:42:04 [INFO] [TRY] Tentativa #405 (rodando ha 7h14m14s)...
2026-03-11 03:42:06 [INFO]    [FAIL] Sem capacidade (InternalError: 500). Aguardando 60s...
2026-03-11 03:42:54 [INFO] 📡 Tentativa #414 (rodando há 7h30m20s)...
2026-03-11 03:42:55 [INFO]    ❌ Sem capacidade (InternalError: 500). Aguardando 60s...
2026-03-11 03:43:06 [INFO] [TRY] Tentativa #406 (rodando ha 7h15m15s)...
2026-03-11 03:43:07 [INFO]    [FAIL] Sem capacidade (InternalError: 500). Aguardando 60s...
2026-03-11 03:43:55 [INFO] 📡 Tentativa #415 (rodando há 7h31m21s)...
2026-03-11 03:43:57 [INFO]    ❌ Sem capacidade (InternalError: 500). Aguardando 60s...
2026-03-11 03:44:07 [INFO] [TRY] Tentativa #407 (rodando ha 7h16m16s)...
2026-03-11 03:44:08 [INFO]    [FAIL] Sem capacidade (InternalError: 500). Aguardando 60s...
2026-03-11 03:44:57 [INFO] 📡 Tentativa #416 (rodando há 7h32m23s)...
2026-03-11 03:44:58 [INFO]    ❌ Sem capacidade (InternalError: 500). Aguardando 60s...
2026-03-11 03:45:08 [INFO] [TRY] Tentativa #408 (rodando ha 7h17m17s)...
2026-03-11 03:45:09 [INFO]    [FAIL] Sem capacidade (InternalError: 500). Aguardando 60s...
2026-03-11 03:45:58 [INFO] 📡 Tentativa #417 (rodando há 7h33m24s)...
2026-03-11 03:45:59 [INFO]    ❌ Sem capacidade (InternalError: 500). Aguardando 60s...
2026-03-11 03:46:09 [INFO] [TRY] Tentativa #409 (rodando ha 7h18m19s)...
2026-03-11 03:46:10 [INFO]    [FAIL] Sem capacidade (InternalError: 500). Aguardando 60s...
2026-03-11 03:46:59 [INFO] 📡 Tentativa #418 (rodando há 7h34m25s)...
2026-03-11 03:47:00 [INFO]    ❌ Sem capacidade (InternalError: 500). Aguardando 60s...
2026-03-11 03:47:10 [INFO] [TRY] Tentativa #410 (rodando ha 7h19m20s)...
2026-03-11 03:47:11 [INFO]    [FAIL] Sem capacidade (InternalError: 500). Aguardando 60s...
2026-03-11 03:48:00 [INFO] 📡 Tentativa #419 (rodando há 7h35m26s)...
2026-03-11 03:48:02 [INFO]    ❌ Sem capacidade (InternalError: 500). Aguardando 60s...
2026-03-11 03:48:11 [INFO] [TRY] Tentativa #411 (rodando ha 7h20m21s)...
2026-03-11 03:48:13 [INFO]    [FAIL] Sem capacidade (InternalError: 500). Aguardando 60s...
2026-03-11 03:49:02 [INFO] 📡 Tentativa #420 (rodando há 7h36m27s)...
2026-03-11 03:49:03 [INFO]    ❌ Sem capacidade (InternalError: 500). Aguardando 60s...
2026-03-11 03:49:13 [INFO] [TRY] Tentativa #412 (rodando ha 7h21m22s)...
2026-03-11 03:49:14 [INFO]    [FAIL] Sem capacidade (InternalError: 500). Aguardando 60s...
2026-03-11 03:50:03 [INFO] 📡 Tentativa #421 (rodando há 7h37m29s)...
2026-03-11 03:50:04 [INFO]    ❌ Sem capacidade (InternalError: 500). Aguardando 60s...
2026-03-11 03:50:14 [INFO] [TRY] Tentativa #413 (rodando ha 7h22m24s)...
2026-03-11 03:50:15 [INFO]    [FAIL] Sem capacidade (InternalError: 500). Aguardando 60s...
2026-03-11 03:51:04 [INFO] 📡 Tentativa #422 (rodando há 7h38m30s)...
2026-03-11 03:51:05 [INFO]    ❌ Sem capacidade (InternalError: 500). Aguardando 60s...
2026-03-11 03:51:15 [INFO] [TRY] Tentativa #414 (rodando ha 7h23m25s)...
2026-03-11 03:51:16 [INFO]    [FAIL] Sem capacidade (InternalError: 500). Aguardando 60s...
2026-03-11 03:52:05 [INFO] 📡 Tentativa #423 (rodando há 7h39m31s)...
2026-03-11 03:52:06 [INFO]    ❌ Sem capacidade (InternalError: 500). Aguardando 60s...
2026-03-11 03:52:16 [INFO] [TRY] Tentativa #415 (rodando ha 7h24m26s)...
2026-03-11 03:52:18 [INFO]    [FAIL] Sem capacidade (InternalError: 500). Aguardando 60s...
2026-03-11 03:53:06 [INFO] 📡 Tentativa #424 (rodando há 7h40m32s)...
2026-03-11 03:53:08 [INFO]    ❌ Sem capacidade (InternalError: 500). Aguardando 60s...
2026-03-11 03:53:18 [INFO] [TRY] Tentativa #416 (rodando ha 7h25m28s)...
2026-03-11 03:53:19 [INFO]    [FAIL] Sem capacidade (InternalError: 500). Aguardando 60s...
2026-03-11 03:54:08 [INFO] 📡 Tentativa #425 (rodando há 7h41m33s)...
2026-03-11 03:54:09 [INFO]    ❌ Sem capacidade (InternalError: 500). Aguardando 60s...
2026-03-11 03:54:19 [INFO] [TRY] Tentativa #417 (rodando ha 7h26m29s)...
2026-03-11 03:54:21 [INFO]    [FAIL] Sem capacidade (InternalError: 500). Aguardando 60s...
2026-03-11 03:55:09 [INFO] 📡 Tentativa #426 (rodando há 7h42m35s)...
2026-03-11 03:55:10 [INFO]    ❌ Sem capacidade (InternalError: 500). Aguardando 60s...
2026-03-11 03:55:21 [INFO] [TRY] Tentativa #418 (rodando ha 7h27m30s)...
2026-03-11 03:55:22 [INFO]    [FAIL] Sem capacidade (InternalError: 500). Aguardando 60s...
2026-03-11 03:56:10 [INFO] 📡 Tentativa #427 (rodando há 7h43m36s)...
2026-03-11 03:56:11 [INFO]    ❌ Sem capacidade (InternalError: 500). Aguardando 60s...
2026-03-11 03:56:22 [INFO] [TRY] Tentativa #419 (rodando ha 7h28m31s)...
2026-03-11 03:56:23 [INFO]    [FAIL] Sem capacidade (InternalError: 500). Aguardando 60s...
2026-03-11 03:57:11 [INFO] 📡 Tentativa #428 (rodando há 7h44m37s)...
2026-03-11 03:57:12 [INFO]    ❌ Sem capacidade (InternalError: 500). Aguardando 60s...
2026-03-11 03:57:23 [INFO] [TRY] Tentativa #420 (rodando ha 7h29m32s)...
2026-03-11 03:57:24 [INFO]    [FAIL] Sem capacidade (InternalError: 500). Aguardando 60s...
2026-03-11 03:58:12 [INFO] 📡 Tentativa #429 (rodando há 7h45m38s)...
2026-03-11 03:58:13 [INFO]    ❌ Sem capacidade (InternalError: 500). Aguardando 60s...
2026-03-11 03:58:24 [INFO] [TRY] Tentativa #421 (rodando ha 7h30m33s)...
2026-03-11 03:58:25 [INFO]    [FAIL] Sem capacidade (InternalError: 500). Aguardando 60s...
2026-03-11 03:59:13 [INFO] 📡 Tentativa #430 (rodando há 7h46m39s)...
2026-03-11 03:59:15 [INFO]    ❌ Sem capacidade (InternalError: 500). Aguardando 60s...
2026-03-11 03:59:25 [INFO] [TRY] Tentativa #422 (rodando ha 7h31m35s)...
2026-03-11 03:59:25 [WARNING] [RATE-LIMIT] Rate limit atingido! Esperando 120s...
2026-03-11 04:00:15 [INFO] 📡 Tentativa #431 (rodando há 7h47m40s)...
2026-03-11 04:00:16 [INFO]    ❌ Sem capacidade (InternalError: 500). Aguardando 60s...
2026-03-11 04:00:25 [INFO]    [FAIL] Sem capacidade (TooManyRequests: 429). Aguardando 60s...
2026-03-11 04:01:16 [INFO] 📡 Tentativa #432 (rodando há 7h48m42s)...
2026-03-11 04:01:17 [INFO]    ❌ Sem capacidade (InternalError: 500). Aguardando 60s...
2026-03-11 04:01:25 [INFO] [TRY] Tentativa #423 (rodando ha 7h33m35s)...
2026-03-11 04:01:27 [INFO]    [FAIL] Sem capacidade (InternalError: 500). Aguardando 60s...
2026-03-11 04:02:17 [INFO] 📡 Tentativa #433 (rodando há 7h49m43s)...
2026-03-11 04:02:18 [INFO]    ❌ Sem capacidade (InternalError: 500). Aguardando 60s...
2026-03-11 04:02:27 [INFO] [TRY] Tentativa #424 (rodando ha 7h34m36s)...
2026-03-11 04:02:28 [INFO]    [FAIL] Sem capacidade (InternalError: 500). Aguardando 60s...
2026-03-11 04:03:18 [INFO] 📡 Tentativa #434 (rodando há 7h50m44s)...
2026-03-11 04:03:19 [INFO]    ❌ Sem capacidade (InternalError: 500). Aguardando 60s...
2026-03-11 04:03:28 [INFO] [TRY] Tentativa #425 (rodando ha 7h35m37s)...
2026-03-11 04:03:29 [INFO]    [FAIL] Sem capacidade (InternalError: 500). Aguardando 60s...
2026-03-11 04:04:19 [INFO] 📡 Tentativa #435 (rodando há 7h51m45s)...
2026-03-11 04:04:21 [INFO]    ❌ Sem capacidade (InternalError: 500). Aguardando 60s...
2026-03-11 04:04:29 [INFO] [TRY] Tentativa #426 (rodando ha 7h36m39s)...
2026-03-11 04:04:30 [INFO]    [FAIL] Sem capacidade (InternalError: 500). Aguardando 60s...
2026-03-11 04:05:21 [INFO] 📡 Tentativa #436 (rodando há 7h52m46s)...
2026-03-11 04:05:22 [INFO]    ❌ Sem capacidade (InternalError: 500). Aguardando 60s...
2026-03-11 04:05:30 [INFO] [TRY] Tentativa #427 (rodando ha 7h37m40s)...
2026-03-11 04:05:32 [INFO]    [FAIL] Sem capacidade (InternalError: 500). Aguardando 60s...
2026-03-11 04:06:22 [INFO] 📡 Tentativa #437 (rodando há 7h53m48s)...
2026-03-11 04:06:23 [INFO]    ❌ Sem capacidade (InternalError: 500). Aguardando 60s...
2026-03-11 04:06:32 [INFO] [TRY] Tentativa #428 (rodando ha 7h38m41s)...
2026-03-11 04:06:33 [INFO]    [FAIL] Sem capacidade (InternalError: 500). Aguardando 60s...
2026-03-11 04:07:23 [INFO] 📡 Tentativa #438 (rodando há 7h54m49s)...
2026-03-11 04:07:24 [INFO]    ❌ Sem capacidade (InternalError: 500). Aguardando 60s...
2026-03-11 04:07:33 [INFO] [TRY] Tentativa #429 (rodando ha 7h39m43s)...
2026-03-11 04:07:34 [INFO]    [FAIL] Sem capacidade (InternalError: 500). Aguardando 60s...
2026-03-11 04:08:24 [INFO] 📡 Tentativa #439 (rodando há 7h55m50s)...
2026-03-11 04:08:25 [INFO]    ❌ Sem capacidade (InternalError: 500). Aguardando 60s...
2026-03-11 04:08:34 [INFO] [TRY] Tentativa #430 (rodando ha 7h40m44s)...
2026-03-11 04:08:35 [INFO]    [FAIL] Sem capacidade (InternalError: 500). Aguardando 60s...
2026-03-11 04:09:25 [INFO] 📡 Tentativa #440 (rodando há 7h56m51s)...
2026-03-11 04:09:26 [INFO]    ❌ Sem capacidade (InternalError: 500). Aguardando 60s...
2026-03-11 04:09:35 [INFO] [TRY] Tentativa #431 (rodando ha 7h41m45s)...
2026-03-11 04:09:37 [INFO]    [FAIL] Sem capacidade (InternalError: 500). Aguardando 60s...
2026-03-11 04:10:26 [INFO] 📡 Tentativa #441 (rodando há 7h57m52s)...
2026-03-11 04:10:28 [INFO]    ❌ Sem capacidade (InternalError: 500). Aguardando 60s...
2026-03-11 04:10:37 [INFO] [TRY] Tentativa #432 (rodando ha 7h42m46s)...
2026-03-11 04:10:38 [INFO]    [FAIL] Sem capacidade (InternalError: 500). Aguardando 60s...
2026-03-11 04:11:28 [INFO] 📡 Tentativa #442 (rodando há 7h58m54s)...
2026-03-11 04:11:29 [INFO]    ❌ Sem capacidade (InternalError: 500). Aguardando 60s...
2026-03-11 04:11:38 [INFO] [TRY] Tentativa #433 (rodando ha 7h43m47s)...
2026-03-11 04:11:39 [INFO]    [FAIL] Sem capacidade (InternalError: 500). Aguardando 60s...
2026-03-11 04:12:29 [INFO] 📡 Tentativa #443 (rodando há 7h59m55s)...
2026-03-11 04:12:30 [INFO]    ❌ Sem capacidade (InternalError: 500). Aguardando 60s...
2026-03-11 04:12:39 [INFO] [TRY] Tentativa #434 (rodando ha 7h44m49s)...
2026-03-11 04:12:40 [INFO]    [FAIL] Sem capacidade (InternalError: 500). Aguardando 60s...
2026-03-11 04:13:30 [INFO] 📡 Tentativa #444 (rodando há 8h00m56s)...
2026-03-11 04:13:31 [INFO]    ❌ Sem capacidade (InternalError: 500). Aguardando 60s...
2026-03-11 04:13:40 [INFO] [TRY] Tentativa #435 (rodando ha 7h45m50s)...
2026-03-11 04:13:42 [INFO]    [FAIL] Sem capacidade (InternalError: 500). Aguardando 60s...
2026-03-11 04:14:31 [INFO] 📡 Tentativa #445 (rodando há 8h01m57s)...
2026-03-11 04:14:32 [INFO]    ❌ Sem capacidade (InternalError: 500). Aguardando 60s...
2026-03-11 04:14:42 [INFO] [TRY] Tentativa #436 (rodando ha 7h46m51s)...
2026-03-11 04:14:42 [WARNING] [RATE-LIMIT] Rate limit atingido! Esperando 120s...
2026-03-11 04:15:32 [INFO] 📡 Tentativa #446 (rodando há 8h02m58s)...
2026-03-11 04:15:33 [INFO]    ❌ Sem capacidade (InternalError: 500). Aguardando 60s...
2026-03-11 04:15:42 [INFO]    [FAIL] Sem capacidade (TooManyRequests: 429). Aguardando 60s...
2026-03-11 04:16:33 [INFO] 📡 Tentativa #447 (rodando há 8h03m59s)...
2026-03-11 04:16:34 [INFO]    ❌ Sem capacidade (InternalError: 500). Aguardando 60s...
2026-03-11 04:16:42 [INFO] [TRY] Tentativa #437 (rodando ha 7h48m52s)...
2026-03-11 04:16:43 [INFO]    [FAIL] Sem capacidade (InternalError: 500). Aguardando 60s...
2026-03-11 04:17:34 [INFO] 📡 Tentativa #448 (rodando há 8h05m00s)...
2026-03-11 04:17:36 [INFO]    ❌ Sem capacidade (InternalError: 500). Aguardando 60s...
2026-03-11 04:17:43 [INFO] [TRY] Tentativa #438 (rodando ha 7h49m53s)...
2026-03-11 04:17:44 [INFO]    [FAIL] Sem capacidade (InternalError: 500). Aguardando 60s...
2026-03-11 04:18:36 [INFO] 📡 Tentativa #449 (rodando há 8h06m02s)...
2026-03-11 04:18:37 [INFO]    ❌ Sem capacidade (InternalError: 500). Aguardando 60s...
2026-03-11 04:18:44 [INFO] [TRY] Tentativa #439 (rodando ha 7h50m54s)...
2026-03-11 04:18:46 [INFO]    [FAIL] Sem capacidade (InternalError: 500). Aguardando 60s...
2026-03-11 04:19:37 [INFO] 📡 Tentativa #450 (rodando há 8h07m03s)...
2026-03-11 04:19:38 [INFO]    ❌ Sem capacidade (InternalError: 500). Aguardando 60s...
2026-03-11 04:19:46 [INFO] [TRY] Tentativa #440 (rodando ha 7h51m56s)...
2026-03-11 04:19:47 [INFO]    [FAIL] Sem capacidade (InternalError: 500). Aguardando 60s...
2026-03-11 04:20:38 [INFO] 📡 Tentativa #451 (rodando há 8h08m04s)...
2026-03-11 04:20:39 [INFO]    ❌ Sem capacidade (InternalError: 500). Aguardando 60s...
2026-03-11 04:20:47 [INFO] [TRY] Tentativa #441 (rodando ha 7h52m57s)...
2026-03-11 04:20:49 [INFO]    [FAIL] Sem capacidade (InternalError: 500). Aguardando 60s...
2026-03-11 04:21:39 [INFO] 📡 Tentativa #452 (rodando há 8h09m05s)...
2026-03-11 04:21:41 [INFO]    ❌ Sem capacidade (InternalError: 500). Aguardando 60s...
2026-03-11 04:21:49 [INFO] [TRY] Tentativa #442 (rodando ha 7h53m58s)...
2026-03-11 04:21:50 [INFO]    [FAIL] Sem capacidade (InternalError: 500). Aguardando 60s...
2026-03-11 04:22:41 [INFO] 📡 Tentativa #453 (rodando há 8h10m07s)...
2026-03-11 04:22:42 [INFO]    ❌ Sem capacidade (InternalError: 500). Aguardando 60s...
2026-03-11 04:22:50 [INFO] [TRY] Tentativa #443 (rodando ha 7h54m59s)...
2026-03-11 04:22:51 [INFO]    [FAIL] Sem capacidade (InternalError: 500). Aguardando 60s...
2026-03-11 04:23:42 [INFO] 📡 Tentativa #454 (rodando há 8h11m08s)...
2026-03-11 04:23:43 [INFO]    ❌ Sem capacidade (InternalError: 500). Aguardando 60s...
2026-03-11 04:23:51 [INFO] [TRY] Tentativa #444 (rodando ha 7h56m01s)...
2026-03-11 04:23:52 [INFO]    [FAIL] Sem capacidade (InternalError: 500). Aguardando 60s...
2026-03-11 04:24:43 [INFO] 📡 Tentativa #455 (rodando há 8h12m09s)...
2026-03-11 04:24:44 [INFO]    ❌ Sem capacidade (InternalError: 500). Aguardando 60s...
2026-03-11 04:24:52 [INFO] [TRY] Tentativa #445 (rodando ha 7h57m02s)...
2026-03-11 04:24:53 [INFO]    [FAIL] Sem capacidade (InternalError: 500). Aguardando 60s...
2026-03-11 04:25:44 [INFO] 📡 Tentativa #456 (rodando há 8h13m10s)...
2026-03-11 04:25:45 [INFO]    ❌ Sem capacidade (InternalError: 500). Aguardando 60s...
2026-03-11 04:25:53 [INFO] [TRY] Tentativa #446 (rodando ha 7h58m03s)...
2026-03-11 04:25:54 [WARNING] [RATE-LIMIT] Rate limit atingido! Esperando 120s...
2026-03-11 04:26:45 [INFO] 📡 Tentativa #457 (rodando há 8h14m11s)...
2026-03-11 04:26:47 [INFO]    ❌ Sem capacidade (InternalError: 500). Aguardando 60s...
2026-03-11 04:26:54 [INFO]    [FAIL] Sem capacidade (TooManyRequests: 429). Aguardando 60s...
